,full_name,緯度,経度
0,沖縄県那覇市古波蔵一丁目,26.199562,127.691306
1,沖縄県那覇市真嘉比一丁目,26.222671,127.700862
2,沖縄県那覇市楚辺三丁目,26.207035,127.683173
3,沖縄県那覇市宇栄原六丁目,26.184452,127.665806
4,沖縄県那覇市宇栄原五丁目,26.186091,127.66699
5,沖縄県那覇市宇栄原四丁目,26.185664,127.671191
6,沖縄県那覇市壺川一丁目,26.20583,127.681725
7,沖縄県那覇市小禄五丁目,26.191872,127.67409
8,沖縄県那覇市小禄二丁目,26.190858,127.675595
9,沖縄県那覇市小禄四丁目,26.189247,127.672172
10,沖縄県那覇市小禄三丁目,26.187968,127.673625
11,沖縄県那覇市銘苅三丁目,26.234646,127.699143
12,沖縄県那覇市安謝二丁目,26.236112,127.690279
13,沖縄県那覇市安謝一丁目,26.235369,127.694564
14,沖縄県那覇市字銘苅,26.236129,127.699544
15,沖縄県那覇市字安謝,26.238942,127.689789
16,沖縄県那覇市曙二丁目,26.239992,127.682645
17,沖縄県那覇市曙三丁目,26.242252,127.685134
18,沖縄県那覇市港町三丁目,26.244798,127.675857
19,沖縄県那覇市港町四丁目,26.244032,127.671219
20,沖縄県那覇市港町二丁目,26.242447,127.677165
21,沖縄県那覇市首里石嶺町四丁目,26.232425,127.733362
22,沖縄県那覇市首里石嶺町三丁目,26.231054,127.726001
23,沖縄県那覇市首里石嶺町一丁目,26.22618,127.725259
24,沖縄県那覇市首里儀保町一丁目,26.22369,127.718837
25,沖縄県那覇市首里儀保町三丁目,26.225635,127.718938
26,沖縄県那覇市首里久場川町一丁目,26.225692,127.721479
27,沖縄県那覇市首里平良町二丁目,26.228652,127.718044
28,沖縄県那覇市首里大名町三丁目,26.231515,127.721468
29,沖縄県那覇市首里平良町一丁目,26.229139,127.720857
30,沖縄県那覇市首里大名町二丁目,26.231721,127.718094
31,沖縄県那覇市首里儀保町二丁目,26.224205,127.717622
32,沖縄県那覇市真嘉比二丁目,26.225787,127.702179
33,沖縄県那覇市古島一丁目,26.229366,127.704115
34,沖縄県那覇市首里末吉町四丁目,26.229062,127.708778
35,沖縄県那覇市首里末吉町三丁目,26.233004,127.706865
36,沖縄県那覇市真嘉比三丁目,26.224135,127.70489
37,沖縄県那覇市松島二丁目,26.225357,127.710673
38,沖縄県那覇市松島一丁目,26.222964,127.706398
39,沖縄県那覇市字古島,26.231481,127.703568
40,沖縄県那覇市首里桃原町一丁目,26.223606,127.713986
41,沖縄県那覇市古島二丁目,26.22701,127.7076
42,沖縄県那覇市首里末吉町二丁目,26.230701,127.709895
43,沖縄県那覇市首里末吉町一丁目,26.228001,127.714014
44,沖縄県那覇市首里大名町一丁目,26.231359,127.714593
45,沖縄県那覇市首里桃原町二丁目,26.224365,127.715462
46,沖縄県那覇市首里儀保町四丁目,26.225878,127.716403
47,沖縄県那覇市銘苅一丁目,26.230445,127.701255
48,沖縄県那覇市銘苅二丁目,26.232268,127.697664
49,沖縄県那覇市おもろまち三丁目,26.228821,127.694567
50,沖縄県那覇市天久一丁目,26.231555,127.691517
51,沖縄県那覇市天久二丁目,26.232981,127.687694
52,沖縄県那覇市上之屋一丁目,26.227585,127.688016
53,沖縄県那覇市字天久,26.234746,127.684287
54,沖縄県那覇市おもろまち二丁目,26.225955,127.691279
55,沖縄県那覇市曙一丁目,26.235033,127.682048
56,沖縄県那覇市港町一丁目,26.236646,127.677574
57,沖縄県那覇市字上之屋,26.229674,127.683866
58,沖縄県那覇市泊三丁目,26.226959,127.683247
59,沖縄県那覇市泊二丁目,26.224964,127.687296
60,沖縄県那覇市首里石嶺町二丁目,26.222972,127.732605
61,沖縄県那覇市首里赤平町二丁目,26.223856,127.720962
62,沖縄県那覇市首里久場川町二丁目,26.222583,127.725892
63,沖縄県那覇市首里赤平町一丁目,26.222181,127.720364
64,沖縄県那覇市首里汀良町二丁目,26.220656,127.723729
65,沖縄県那覇市首里汀良町三丁目,26.220317,127.726774
66,沖縄県那覇市首里赤田町三丁目,26.214146,127.726126
67,沖縄県那覇市首里鳥堀町三丁目,26.216833,127.725986
68,沖縄県那覇市首里鳥堀町五丁目,26.216127,127.728222
69,沖縄県那覇市首里崎山町三丁目,26.212626,127.72456
70,沖縄県那覇市首里鳥堀町二丁目,26.216959,127.724687
71,沖縄県那覇市首里赤田町二丁目,26.216011,127.723493
72,沖縄県那覇市首里鳥堀町四丁目,26.219079,127.729971
73,沖縄県那覇市首里崎山町二丁目,26.214904,127.723391
74,沖縄県那覇市首里赤田町一丁目,26.216998,127.722082
75,沖縄県那覇市首里鳥堀町一丁目,26.217538,127.723631
76,沖縄県那覇市首里崎山町一丁目,26.214789,127.720976
77,沖縄県那覇市首里金城町四丁目,26.212956,127.719276
78,沖縄県那覇市首里汀良町一丁目,26.219909,127.722469
79,沖縄県那覇市首里当蔵町二丁目,26.220132,127.720649
80,沖縄県那覇市首里当蔵町三丁目,26.217548,127.719427
81,沖縄県那覇市首里当蔵町一丁目,26.220379,127.718835
82,沖縄県那覇市首里池端町,26.220371,127.716075
83,沖縄県那覇市首里大中町一丁目,26.221628,127.71648
84,沖縄県那覇市首里大中町二丁目,26.222685,127.714843
85,沖縄県那覇市首里山川町二丁目,26.223549,127.71198
86,沖縄県那覇市首里金城町三丁目,26.215094,127.716536
87,沖縄県那覇市首里金城町二丁目,26.215815,127.71372
88,沖縄県那覇市首里金城町一丁目,26.216898,127.716181
89,沖縄県那覇市首里真和志町一丁目,26.219217,127.716857
90,沖縄県那覇市首里真和志町二丁目,26.219529,127.713713
91,沖縄県那覇市首里山川町一丁目,26.220663,127.712393
92,沖縄県那覇市繁多川三丁目,26.214004,127.711466
93,沖縄県那覇市首里山川町三丁目,26.220219,127.708793
94,沖縄県那覇市首里寒川町一丁目,26.217332,127.711456
95,沖縄県那覇市首里寒川町二丁目,26.218089,127.708823
96,沖縄県那覇市松川三丁目,26.215961,127.707067
97,沖縄県那覇市字松川,26.219469,127.705042
98,沖縄県那覇市おもろまち一丁目,26.223619,127.694669
99,沖縄県那覇市おもろまち四丁目,26.225571,127.696701
100,沖縄県那覇市松川一丁目,26.214325,127.703179
101,沖縄県那覇市松川二丁目,26.217009,127.702075
102,沖縄県那覇市字大道,26.218866,127.699278
103,沖縄県那覇市安里三丁目,26.220181,127.696607
104,沖縄県那覇市字安里,26.21835,127.697251
105,沖縄県那覇市牧志二丁目,26.218221,127.689529
106,沖縄県那覇市泊一丁目,26.222385,127.689187
107,沖縄県那覇市牧志三丁目,26.215224,127.689835
108,沖縄県那覇市安里二丁目,26.21679,127.695192
109,沖縄県那覇市安里一丁目,26.219079,127.693349
110,沖縄県那覇市辻三丁目,26.220214,127.668078
111,沖縄県那覇市前島三丁目,26.223433,127.682683
112,沖縄県那覇市前島二丁目,26.222561,127.685193
113,沖縄県那覇市若狭二丁目,26.2214,127.675852
114,沖縄県那覇市若狭三丁目,26.223301,127.678483
115,沖縄県那覇市牧志一丁目,26.21726,127.684835
116,沖縄県那覇市久茂地三丁目,26.215476,127.682265
117,沖縄県那覇市前島一丁目,26.221012,127.686655
118,沖縄県那覇市松山二丁目,26.22033,127.680447
119,沖縄県那覇市久茂地二丁目,26.217778,127.681503
120,沖縄県那覇市若狭一丁目,26.220268,127.67284
121,沖縄県那覇市松山一丁目,26.218487,127.678072
122,沖縄県那覇市久米一丁目,26.215825,127.673038
123,沖縄県那覇市久茂地一丁目,26.214432,127.67841
124,沖縄県那覇市久米二丁目,26.216488,127.675962
125,沖縄県那覇市辻二丁目,26.218293,127.670632
126,沖縄県那覇市辻一丁目,26.216189,127.669835
127,沖縄県那覇市西三丁目,26.217241,127.665343
128,沖縄県那覇市西二丁目,26.213489,127.669228
129,沖縄県那覇市首里崎山町四丁目,26.210518,127.721489
130,沖縄県那覇市識名四丁目,26.20333,127.710612
131,沖縄県那覇市識名三丁目,26.204746,127.70676
132,沖縄県那覇市字真地,26.203259,127.719911
133,沖縄県那覇市繁多川二丁目,26.211893,127.710643
134,沖縄県那覇市繁多川四丁目,26.210929,127.71613
135,沖縄県那覇市繁多川一丁目,26.212368,127.706248
136,沖縄県那覇市識名二丁目,26.207269,127.710332
137,沖縄県那覇市繁多川五丁目,26.209387,127.70987
138,沖縄県那覇市識名一丁目,26.207251,127.704441
139,沖縄県那覇市三原三丁目,26.20957,127.70247
140,沖縄県那覇市長田一丁目,26.203349,127.700931
141,沖縄県那覇市三原二丁目,26.212431,127.701975
142,沖縄県那覇市字与儀,26.202522,127.694632
143,沖縄県那覇市字寄宮,26.205012,127.698509
144,沖縄県那覇市与儀二丁目,26.202408,127.691098
145,沖縄県那覇市寄宮二丁目,26.208149,127.697331
146,沖縄県那覇市壺屋二丁目,26.212732,127.694859
147,沖縄県那覇市寄宮三丁目,26.208206,127.700507
148,沖縄県那覇市三原一丁目,26.212696,127.697736
149,沖縄県那覇市松尾二丁目,26.213522,127.686884
150,沖縄県那覇市樋川一丁目,26.208335,127.688271
151,沖縄県那覇市与儀一丁目,26.205883,127.69354
152,沖縄県那覇市寄宮一丁目,26.208823,127.693932
153,沖縄県那覇市西一丁目,26.212728,127.671779
154,沖縄県那覇市壺川二丁目,26.203614,127.680599
155,沖縄県那覇市楚辺二丁目,26.204095,127.686683
156,沖縄県那覇市壺川三丁目,26.20659,127.678612
157,沖縄県那覇市松尾一丁目,26.212784,127.683685
158,沖縄県那覇市楚辺一丁目,26.208581,127.684452
159,沖縄県那覇市東町,26.212136,127.674005
160,沖縄県那覇市泉崎二丁目,26.209001,127.680472
161,沖縄県那覇市泉崎一丁目,26.211983,127.678643
162,沖縄県那覇市奥武山町,26.204514,127.675171
163,沖縄県那覇市旭町,26.20947,127.676677
164,沖縄県那覇市通堂町,26.211004,127.669708
165,沖縄県那覇市垣花町,26.204944,127.671443
166,沖縄県那覇市金城一丁目,26.203394,127.665944
167,沖縄県那覇市垣花町二丁目,26.206773,127.66776
168,沖縄県那覇市垣花町一丁目,26.207328,127.66917
169,沖縄県那覇市垣花町三丁目,26.207118,127.666269
170,沖縄県那覇市住吉町二丁目,26.209015,127.665661
171,沖縄県那覇市住吉町三丁目,26.208701,127.663413
172,沖縄県那覇市住吉町一丁目,26.21093,127.663238
173,沖縄県那覇市字鏡水,26.210713,127.651985
174,沖縄県那覇市字識名,26.202337,127.714924
175,沖縄県那覇市字上間,26.197667,127.712709
176,沖縄県那覇市長田二丁目,26.201725,127.704042
177,沖縄県那覇市上間一丁目,26.200909,127.708851
178,沖縄県那覇市字仲井真,26.194206,127.708342
179,沖縄県那覇市字国場,26.197799,127.698947
180,沖縄県那覇市古波蔵三丁目,26.199516,127.683699
181,沖縄県那覇市古波蔵四丁目,26.195935,127.69096
182,沖縄県那覇市古波蔵二丁目,26.199554,127.687997
183,沖縄県那覇市山下町,26.203029,127.66948
184,沖縄県那覇市田原二丁目,26.196595,127.670137
185,沖縄県那覇市小禄一丁目,26.192719,127.679409
186,沖縄県那覇市鏡原町,26.198096,127.678544
187,沖縄県那覇市字赤嶺,26.192593,127.657705
188,沖縄県那覇市金城二丁目,26.201877,127.66583
189,沖縄県那覇市田原一丁目,26.200085,127.669759
190,沖縄県那覇市字田原,26.195436,127.671351
191,沖縄県那覇市田原四丁目,26.194426,127.669389
192,沖縄県那覇市金城五丁目,26.197253,127.666225
193,沖縄県那覇市金城四丁目,26.198419,127.663778
194,沖縄県那覇市田原三丁目,26.195847,127.668098
195,沖縄県那覇市赤嶺一丁目,26.1954,127.662876
196,沖縄県那覇市字安次嶺,26.201843,127.657607
197,沖縄県那覇市金城三丁目,26.200196,127.665452
198,沖縄県那覇市赤嶺二丁目,26.194612,127.660397
199,沖縄県那覇市字大嶺,26.197504,127.643212
200,沖縄県那覇市字高良,26.190808,127.655684
201,沖縄県那覇市字当間,26.199196,127.651429
202,沖縄県那覇市字小禄,26.193409,127.671395
203,沖縄県那覇市字宇栄原,26.184011,127.668221
204,沖縄県那覇市宇栄原二丁目,26.189685,127.667061
205,沖縄県那覇市高良二丁目,26.184035,127.662984
206,沖縄県那覇市高良一丁目,26.18679,127.661037
207,沖縄県那覇市宇栄原三丁目,26.188659,127.662598
208,沖縄県那覇市宇栄原一丁目,26.192033,127.663488
209,沖縄県那覇市高良三丁目,26.190247,127.659564
210,沖縄県那覇市宮城一丁目,26.186538,127.657824
211,沖縄県那覇市具志二丁目,26.182113,127.659451
212,沖縄県那覇市具志三丁目,26.178901,127.657084
213,沖縄県那覇市具志一丁目,26.1836,127.657766
214,沖縄県那覇市字宮城,26.189661,127.65095
215,沖縄県那覇市字具志,26.182482,127.651743
216,沖縄県那覇市樋川二丁目,26.209868,127.690825
217,沖縄県那覇市壺屋一丁目,26.21303,127.691621
218,沖縄県宜野湾市神山一丁目,26.268776,127.764862
219,沖縄県宜野湾市愛知三丁目,26.265571,127.769215
220,沖縄県宜野湾市愛知二丁目,26.268445,127.770952
221,沖縄県宜野湾市愛知一丁目,26.271227,127.767662
222,沖縄県宜野湾市我如古四丁目,26.255249,127.75
223,沖縄県宜野湾市我如古三丁目,26.252911,127.754623
224,沖縄県宜野湾市我如古二丁目,26.254567,127.758491
225,沖縄県宜野湾市大山七丁目,26.28492,127.744631
226,沖縄県宜野湾市真栄原一丁目,26.257614,127.745494
227,沖縄県宜野湾市大山二丁目,26.275632,127.744412
228,沖縄県宜野湾市大山四丁目,26.283308,127.749115
229,沖縄県宜野湾市大山一丁目,26.280648,127.751478
230,沖縄県宜野湾市大山五丁目,26.281148,127.745227
231,沖縄県宜野湾市真栄原三丁目,26.263189,127.744942
232,沖縄県宜野湾市字佐真下,26.265603,127.748426
233,沖縄県宜野湾市字我如古,26.260311,127.746759
234,沖縄県宜野湾市嘉数二丁目,26.255411,127.737018
235,沖縄県宜野湾市新城一丁目,26.287969,127.772719
236,沖縄県宜野湾市喜友名二丁目,26.284793,127.760494
237,沖縄県宜野湾市大山三丁目,26.284813,127.752162
238,沖縄県宜野湾市伊佐四丁目,26.289765,127.752422
239,沖縄県宜野湾市伊佐三丁目,26.292044,127.755494
240,沖縄県宜野湾市普天間二丁目,26.289427,127.775457
241,沖縄県宜野湾市長田二丁目,26.263107,127.767818
242,沖縄県宜野湾市志真志三丁目,26.256111,127.761999
243,沖縄県宜野湾市喜友名一丁目,26.285404,127.764496
244,沖縄県宜野湾市伊佐二丁目,26.287457,127.7542
245,沖縄県宜野湾市野嵩三丁目,26.287209,127.783792
246,沖縄県宜野湾市字赤道,26.275432,127.768941
247,沖縄県宜野湾市宜野湾一丁目,26.265697,127.761157
248,沖縄県宜野湾市字神山,26.274473,127.760489
249,沖縄県宜野湾市新城二丁目,26.28685,127.769531
250,沖縄県宜野湾市長田三丁目,26.261073,127.767595
251,沖縄県宜野湾市志真志一丁目,26.258172,127.764123
252,沖縄県宜野湾市長田一丁目,26.263484,127.764541
253,沖縄県宜野湾市志真志四丁目,26.257401,127.758887
254,沖縄県宜野湾市長田四丁目,26.26093,127.761753
255,沖縄県宜野湾市宜野湾三丁目,26.26086,127.756045
256,沖縄県宜野湾市赤道一丁目,26.273467,127.770583
257,沖縄県宜野湾市我如古一丁目,26.258228,127.75306
258,沖縄県宜野湾市宜野湾二丁目,26.264101,127.756773
259,沖縄県宜野湾市赤道二丁目,26.271894,127.773642
260,沖縄県宜野湾市上原二丁目,26.275586,127.77713
261,沖縄県宜野湾市野嵩一丁目,26.282571,127.78134
262,沖縄県宜野湾市上原一丁目,26.277136,127.775953
263,沖縄県宜野湾市字野嵩,26.282753,127.775715
264,沖縄県宜野湾市野嵩四丁目,26.291305,127.782516
265,沖縄県宜野湾市野嵩二丁目,26.284803,127.777874
266,沖縄県宜野湾市普天間一丁目,26.291618,127.779047
267,沖縄県宜野湾市伊佐一丁目,26.284568,127.756329
268,沖縄県宜野湾市志真志二丁目,26.256198,127.767175
269,沖縄県宜野湾市真志喜四丁目,26.28015,127.734712
270,沖縄県宜野湾市大山六丁目,26.277983,127.740621
271,沖縄県宜野湾市真志喜二丁目,26.275549,127.737154
272,沖縄県宜野湾市真志喜三丁目,26.274807,127.734007
273,沖縄県宜野湾市字真志喜,26.272219,127.735802
274,沖縄県宜野湾市嘉数三丁目,26.257182,127.734214
275,沖縄県宜野湾市字宇地泊,26.27243,127.729892
276,沖縄県宜野湾市字大謝名,26.2707,127.735014
277,沖縄県宜野湾市大謝名五丁目,26.266481,127.73234
278,沖縄県宜野湾市嘉数一丁目,26.259588,127.735739
279,沖縄県宜野湾市嘉数四丁目,26.261969,127.732289
280,沖縄県宜野湾市大謝名一丁目,26.267897,127.736768
281,沖縄県宜野湾市真志喜一丁目,26.271206,127.740709
282,沖縄県宜野湾市大謝名四丁目,26.264688,127.735089
283,沖縄県宜野湾市大謝名三丁目,26.26359,127.737889
284,沖縄県宜野湾市大謝名二丁目,26.265723,127.739821
285,沖縄県宜野湾市真栄原二丁目,26.2608,127.740693
286,沖縄県宜野湾市字真栄原,26.260573,127.744858
287,沖縄県宜野湾市字宜野湾,26.270245,127.754067
288,沖縄県宜野湾市字大山,26.276834,127.751391
289,沖縄県宜野湾市字上原,26.278494,127.773272
290,沖縄県宜野湾市字新城,26.282059,127.771851
291,沖縄県宜野湾市字喜友名,26.290147,127.762852
292,沖縄県宜野湾市字伊佐,26.289317,127.758753
293,沖縄県宜野湾市字安仁屋,26.293656,127.76768
294,沖縄県宜野湾市字普天間,26.294537,127.773764
295,沖縄県宜野湾市字中原,26.278459,127.765768
296,沖縄県石垣市南ぬ浜町,24.330858,124.14501
297,沖縄県石垣市美崎町,24.339368,124.155463
298,沖縄県石垣市字白保,24.399176,124.235469
299,沖縄県石垣市字大浜,24.38738,124.209288
300,沖縄県石垣市字平得,24.381549,124.186131
301,沖縄県石垣市字真栄里,24.383537,124.198054
302,沖縄県石垣市字登野城,24.378062,124.178186
303,沖縄県石垣市字桃里,24.449676,124.245393
304,沖縄県石垣市字新川,24.364752,124.128604
305,沖縄県石垣市字野底,24.494591,124.239561
306,沖縄県石垣市字崎枝,24.435726,124.10009
307,沖縄県石垣市字宮良,24.394323,124.222372
308,沖縄県石垣市字名蔵,24.407606,124.156114
309,沖縄県石垣市字川平,24.455191,124.128743
310,沖縄県石垣市字伊原間,24.513841,124.285419
311,沖縄県石垣市字平久保,24.578763,124.319535
312,沖縄県石垣市八島町一丁目,24.335069,124.158257
313,沖縄県石垣市八島町二丁目,24.332426,124.16571
314,沖縄県石垣市字盛山,24.389859,124.240754
315,沖縄県石垣市字大川,24.361795,124.166988
316,沖縄県石垣市浜崎町一丁目,24.33937,124.152078
317,沖縄県石垣市字石垣,24.367947,124.152835
318,沖縄県石垣市字桴海,24.460844,124.228926
319,沖縄県石垣市新栄町,24.346218,124.148903
320,沖縄県石垣市浜崎町三丁目,24.339462,124.147876
321,沖縄県石垣市浜崎町二丁目,24.341396,124.149745
322,沖縄県浦添市西洲三丁目,26.260212,127.695944
323,沖縄県浦添市西原三丁目,26.254216,127.746972
324,沖縄県浦添市西原四丁目,26.249041,127.747439
325,沖縄県浦添市西原二丁目,26.254173,127.744567
326,沖縄県浦添市西洲二丁目,26.25241,127.687366
327,沖縄県浦添市当山二丁目,26.251305,127.735033
328,沖縄県浦添市当山一丁目,26.252494,127.729871
329,沖縄県浦添市仲間二丁目,26.249871,127.728313
330,沖縄県浦添市城間二丁目,26.25337,127.712384
331,沖縄県浦添市仲間一丁目,26.250949,127.722562
332,沖縄県浦添市伊祖四丁目,26.254867,127.7225
333,沖縄県浦添市伊祖一丁目,26.251832,127.717848
334,沖縄県浦添市伊祖二丁目,26.253716,127.716324
335,沖縄県浦添市城間一丁目,26.255545,127.708864
336,沖縄県浦添市屋富祖四丁目,26.254045,127.707631
337,沖縄県浦添市屋富祖三丁目,26.252596,127.70657
338,沖縄県浦添市字屋富祖,26.256405,127.700167
339,沖縄県浦添市字宮城,26.253529,127.698943
340,沖縄県浦添市字仲西,26.251113,127.695914
341,沖縄県浦添市西原一丁目,26.253107,127.741797
342,沖縄県浦添市沢岻一丁目,26.236192,127.712397
343,沖縄県浦添市経塚一丁目,26.241877,127.723106
344,沖縄県浦添市西原五丁目,26.248242,127.743246
345,沖縄県浦添市当山三丁目,26.247699,127.735272
346,沖縄県浦添市前田四丁目,26.236685,127.735398
347,沖縄県浦添市前田二丁目,26.242975,127.738447
348,沖縄県浦添市前田一丁目,26.24116,127.736435
349,沖縄県浦添市西洲一丁目,26.246219,127.686432
350,沖縄県浦添市西原六丁目,26.246194,127.746522
351,沖縄県浦添市前田三丁目,26.243834,127.740996
352,沖縄県浦添市字仲間,26.243754,127.729287
353,沖縄県浦添市字前田,26.239714,127.730903
354,沖縄県浦添市字経塚,26.237598,127.722674
355,沖縄県浦添市安波茶三丁目,26.244151,127.721722
356,沖縄県浦添市仲間三丁目,26.244136,127.727651
357,沖縄県浦添市安波茶二丁目,26.247564,127.723073
358,沖縄県浦添市安波茶一丁目,26.24636,127.718873
359,沖縄県浦添市屋富祖一丁目,26.250859,127.71264
360,沖縄県浦添市屋富祖二丁目,26.250636,127.709029
361,沖縄県浦添市宮城一丁目,26.250652,127.704346
362,沖縄県浦添市宮城三丁目,26.246453,127.70447
363,沖縄県浦添市大平三丁目,26.244912,127.71506
364,沖縄県浦添市字大平,26.243551,127.712779
365,沖縄県浦添市大平一丁目,26.248639,127.713305
366,沖縄県浦添市宮城二丁目,26.248294,127.705886
367,沖縄県浦添市宮城四丁目,26.244664,127.704187
368,沖縄県浦添市仲西二丁目,26.246514,127.699985
369,沖縄県浦添市仲西一丁目,26.24779,127.699034
370,沖縄県浦添市字小湾,26.248901,127.692552
371,沖縄県浦添市伊奈武瀬一丁目,26.248315,127.671968
372,沖縄県浦添市仲西三丁目,26.2446,127.699059
373,沖縄県浦添市沢岻二丁目,26.235556,127.708609
374,沖縄県浦添市大平二丁目,26.243693,127.7099
375,沖縄県浦添市字沢岻,26.23905,127.714197
376,沖縄県浦添市宮城六丁目,26.24385,127.70785
377,沖縄県浦添市内間二丁目,26.235822,127.705764
378,沖縄県浦添市内間一丁目,26.239623,127.707329
379,沖縄県浦添市内間三丁目,26.237442,127.700826
380,沖縄県浦添市宮城五丁目,26.243215,127.703282
381,沖縄県浦添市内間四丁目,26.240135,127.703665
382,沖縄県浦添市勢理客一丁目,26.241592,127.697881
383,沖縄県浦添市勢理客四丁目,26.244344,127.689794
384,沖縄県浦添市勢理客二丁目,26.243276,127.695499
385,沖縄県浦添市内間五丁目,26.239902,127.699131
386,沖縄県浦添市勢理客三丁目,26.241259,127.692398
387,沖縄県浦添市港川一丁目,26.260924,127.719297
388,沖縄県浦添市字牧港,26.267441,127.715947
389,沖縄県浦添市牧港一丁目,26.263792,127.721392
390,沖縄県浦添市牧港五丁目,26.270612,127.717664
391,沖縄県浦添市牧港四丁目,26.264264,127.728573
392,沖縄県浦添市牧港二丁目,26.262282,127.725418
393,沖縄県浦添市牧港三丁目,26.258285,127.729917
394,沖縄県浦添市城間三丁目,26.257097,127.711764
395,沖縄県浦添市伊祖五丁目,26.257425,127.7262
396,沖縄県浦添市伊祖三丁目,26.257468,127.720941
397,沖縄県浦添市港川二丁目,26.264191,127.716188
398,沖縄県浦添市字港川,26.269027,127.711922
399,沖縄県浦添市城間四丁目,26.258972,127.714397
400,沖縄県浦添市字城間,26.26212,127.706165
401,沖縄県名護市宇茂佐の森五丁目,26.603581,127.962329
402,沖縄県名護市宇茂佐の森四丁目,26.602057,127.961358
403,沖縄県名護市宇茂佐の森三丁目,26.600669,127.95643
404,沖縄県名護市宇茂佐の森二丁目,26.599042,127.961925
405,沖縄県名護市宇茂佐の森一丁目,26.599464,127.965258
406,沖縄県名護市字嘉陽,26.555861,128.113087
407,沖縄県名護市字天仁屋,26.577972,128.117936
408,沖縄県名護市字久志,26.522811,127.997811
409,沖縄県名護市字許田,26.540748,127.979509
410,沖縄県名護市字数久田,26.556203,127.987429
411,沖縄県名護市字世冨慶,26.566739,128.003534
412,沖縄県名護市字名護,26.58568,128.010169
413,沖縄県名護市字三原,26.569704,128.085969
414,沖縄県名護市字源河,26.613891,128.076819
415,沖縄県名護市字田井等,26.600531,128.023649
416,沖縄県名護市字大川,26.579326,128.042264
417,沖縄県名護市字汀間,26.568599,128.063652
418,沖縄県名護市字瀬嵩,26.568281,128.05689
419,沖縄県名護市字呉我,26.634502,127.998262
420,沖縄県名護市字我部,26.661094,128.000603
421,沖縄県名護市城三丁目,26.587433,127.981774
422,沖縄県名護市城二丁目,26.587564,127.984232
423,沖縄県名護市大北三丁目,26.604597,127.995911
424,沖縄県名護市大北二丁目,26.601178,127.998515
425,沖縄県名護市字我部祖河,26.626295,127.999117
426,沖縄県名護市字古我知,26.62618,127.983267
427,沖縄県名護市東江二丁目,26.586579,127.990737
428,沖縄県名護市東江一丁目,26.585814,127.98688
429,沖縄県名護市字伊差川,26.605593,128.005374
430,沖縄県名護市字運天原,26.670432,128.00131
431,沖縄県名護市字済井出,26.66942,128.015092
432,沖縄県名護市字大浦,26.562912,128.040626
433,沖縄県名護市字安部,26.54546,128.087198
434,沖縄県名護市字豊原,26.526122,128.017287
435,沖縄県名護市字辺野古,26.534958,128.027871
436,沖縄県名護市字二見,26.556215,128.02555
437,沖縄県名護市東江四丁目,26.58292,127.98557
438,沖縄県名護市東江五丁目,26.580619,127.984374
439,沖縄県名護市東江三丁目,26.582091,127.987511
440,沖縄県名護市字幸喜,26.532351,127.959187
441,沖縄県名護市字喜瀬,26.527142,127.943567
442,沖縄県名護市字川上,26.618202,128.022232
443,沖縄県名護市字仲尾,26.626641,128.011316
444,沖縄県名護市字振慶名,26.608642,128.013352
445,沖縄県名護市字饒平名,26.659492,128.016595
446,沖縄県名護市字屋我,26.651748,128.03104
447,沖縄県名護市字稲嶺,26.626873,128.048158
448,沖縄県名護市字親川,26.609492,128.024212
449,沖縄県名護市字真喜屋,26.61592,128.047895
450,沖縄県名護市字仲尾次,26.609425,128.038782
451,沖縄県名護市宮里四丁目,26.599199,127.968752
452,沖縄県名護市大中四丁目,26.597126,127.989078
453,沖縄県名護市大中一丁目,26.590985,127.98408
454,沖縄県名護市城一丁目,26.5896,127.982036
455,沖縄県名護市大中二丁目,26.592596,127.985295
456,沖縄県名護市大東四丁目,26.594293,127.992186
457,沖縄県名護市大北一丁目,26.600301,127.991187
458,沖縄県名護市大中三丁目,26.595508,127.986371
459,沖縄県名護市大南二丁目,26.593657,127.976
460,沖縄県名護市大西三丁目,26.596871,127.982561
461,沖縄県名護市大西二丁目,26.594887,127.981279
462,沖縄県名護市宮里五丁目,26.599579,127.972477
463,沖縄県名護市大南四丁目,26.598979,127.97647
464,沖縄県名護市大南三丁目,26.596304,127.977174
465,沖縄県名護市宮里一丁目,26.594838,127.972653
466,沖縄県名護市宮里六丁目,26.601808,127.974527
467,沖縄県名護市字山入端,26.608305,127.934787
468,沖縄県名護市字宮里,26.598867,127.966616
469,沖縄県名護市大北四丁目,26.605244,127.989542
470,沖縄県名護市字勝山,26.623922,127.936608
471,沖縄県名護市字安和,26.614852,127.916852
472,沖縄県名護市宮里二丁目,26.591953,127.969875
473,沖縄県名護市港二丁目,26.590272,127.976052
474,沖縄県名護市大東三丁目,26.592217,127.989963
475,沖縄県名護市大中五丁目,26.596111,127.991718
476,沖縄県名護市大東二丁目,26.589768,127.988877
477,沖縄県名護市大東一丁目,26.589076,127.985909
478,沖縄県名護市大南一丁目,26.592764,127.978702
479,沖縄県名護市大西一丁目,26.592939,127.98116
480,沖縄県名護市港一丁目,26.591202,127.978201
481,沖縄県名護市大西四丁目,26.600416,127.979583
482,沖縄県名護市大西五丁目,26.601235,127.984599
483,沖縄県名護市宮里七丁目,26.604115,127.978699
484,沖縄県名護市大北五丁目,26.605756,127.983884
485,沖縄県名護市宮里三丁目,26.595395,127.968752
486,沖縄県名護市字旭川,26.621635,127.951648
487,沖縄県名護市字屋部,26.609001,127.950231
488,沖縄県名護市字為又,26.614817,127.974155
489,沖縄県名護市字宇茂佐,26.609574,127.965295
490,沖縄県名護市字中山,26.628657,127.967478
491,沖縄県糸満市字喜屋武,26.087777,127.664681
492,沖縄県糸満市字大度,26.096314,127.708931
493,沖縄県糸満市字伊原,26.093177,127.685812
494,沖縄県糸満市字束里,26.082477,127.678755
495,沖縄県糸満市字米須,26.09273,127.696389
496,沖縄県糸満市字山城,26.086125,127.686214
497,沖縄県糸満市西崎町五丁目,26.144745,127.654571
498,沖縄県糸満市西崎町三丁目,26.146656,127.666412
499,沖縄県糸満市字名城,26.10368,127.663106
500,沖縄県糸満市字摩文仁,26.097461,127.721548
501,沖縄県糸満市字宇江城,26.104541,127.708525
502,沖縄県糸満市字小波蔵,26.101475,127.669014
503,沖縄県糸満市字福地,26.094143,127.674714
504,沖縄県糸満市字南波平,26.100139,127.682928
505,沖縄県糸満市字伊敷,26.108154,127.67621
506,沖縄県糸満市字糸洲,26.102722,127.676902
507,沖縄県糸満市字真壁,26.107698,127.691351
508,沖縄県糸満市字新垣,26.118095,127.702616
509,沖縄県糸満市潮崎町四丁目,26.116425,127.66348
510,沖縄県糸満市潮崎町二丁目,26.123633,127.668135
511,沖縄県糸満市潮崎町一丁目,26.12274,127.665548
512,沖縄県糸満市潮崎町三丁目,26.119408,127.664891
513,沖縄県糸満市字真栄里,26.115919,127.676428
514,沖縄県糸満市字国吉,26.119641,127.68799
515,沖縄県糸満市字大里,26.129693,127.691922
516,沖縄県糸満市字照屋,26.131366,127.681004
517,沖縄県糸満市西崎町二丁目,26.141288,127.670269
518,沖縄県糸満市西崎町一丁目,26.131943,127.652717
519,沖縄県糸満市西崎町四丁目,26.139179,127.656139
520,沖縄県糸満市西崎二丁目,26.142118,127.664877
521,沖縄県糸満市西崎一丁目,26.137226,127.665453
522,沖縄県糸満市字兼城,26.137252,127.676566
523,沖縄県糸満市西崎六丁目,26.143259,127.669819
524,沖縄県糸満市字潮平,26.146759,127.672687
525,沖縄県糸満市字与座,26.13015,127.703002
526,沖縄県糸満市字豊原,26.143789,127.70821
527,沖縄県糸満市字座波,26.143759,127.692124
528,沖縄県糸満市字賀数,26.1501,127.692094
529,沖縄県糸満市字阿波根,26.152721,127.68062
530,沖縄県糸満市字北波平,26.157775,127.694298
531,沖縄県糸満市字真栄平,26.112492,127.707284
532,沖縄県糸満市字武富,26.163254,127.697636
533,沖縄県糸満市字糸満,26.128823,127.670145
534,沖縄県糸満市西川町,26.136572,127.66835
535,沖縄県沖縄市東二丁目,26.345421,127.82414
536,沖縄県沖縄市与儀三丁目,26.308425,127.81654
537,沖縄県沖縄市与儀二丁目,26.312723,127.808851
538,沖縄県沖縄市与儀一丁目,26.311648,127.813024
539,沖縄県沖縄市上地四丁目,26.335864,127.793603
540,沖縄県沖縄市室川二丁目,26.334279,127.808472
541,沖縄県沖縄市安慶田二丁目,26.335499,127.812938
542,沖縄県沖縄市中央一丁目,26.33708,127.799783
543,沖縄県沖縄市宮里一丁目,26.338031,127.81701
544,沖縄県沖縄市安慶田一丁目,26.335226,127.81093
545,沖縄県沖縄市室川一丁目,26.334154,127.806786
546,沖縄県沖縄市照屋一丁目,26.336986,127.815314
547,沖縄県沖縄市胡屋一丁目,26.336127,127.802168
548,沖縄県沖縄市中央二丁目,26.339751,127.798377
549,沖縄県沖縄市宮里二丁目,26.339005,127.820563
550,沖縄県沖縄市宮里三丁目,26.337342,127.822322
551,沖縄県沖縄市桃原二丁目,26.335263,127.824591
552,沖縄県沖縄市海邦町,26.329067,127.845471
553,沖縄県沖縄市比屋根三丁目,26.312681,127.824931
554,沖縄県沖縄市高原七丁目,26.319955,127.824075
555,沖縄県沖縄市比屋根一丁目,26.316263,127.823018
556,沖縄県沖縄市泡瀬一丁目,26.321293,127.837409
557,沖縄県沖縄市泡瀬二丁目,26.318214,127.835061
558,沖縄県沖縄市比屋根,26.312283,127.82788
559,沖縄県沖縄市泡瀬三丁目,26.314571,127.831737
560,沖縄県沖縄市字泡瀬,26.317317,127.842907
561,沖縄県沖縄市泡瀬四丁目,26.317769,127.829515
562,沖縄県沖縄市照屋四丁目,26.331816,127.816637
563,沖縄県沖縄市照屋二丁目,26.335085,127.815031
564,沖縄県沖縄市胡屋六丁目,26.325633,127.808707
565,沖縄県沖縄市安慶田五丁目,26.327169,127.811982
566,沖縄県沖縄市諸見里一丁目,26.330705,127.792562
567,沖縄県沖縄市上地三丁目,26.333825,127.792497
568,沖縄県沖縄市胡屋三丁目,26.330338,127.803354
569,沖縄県沖縄市胡屋四丁目,26.330352,127.800968
570,沖縄県沖縄市上地二丁目,26.332007,127.795576
571,沖縄県沖縄市園田一丁目,26.330653,127.798234
572,沖縄県沖縄市久保田二丁目,26.323729,127.797402
573,沖縄県沖縄市園田二丁目,26.32665,127.799855
574,沖縄県沖縄市園田三丁目,26.328097,127.795856
575,沖縄県沖縄市高原六丁目,26.319783,127.827976
576,沖縄県沖縄市比屋根二丁目,26.315163,127.825319
577,沖縄県沖縄市高原四丁目,26.321441,127.818605
578,沖縄県沖縄市高原三丁目,26.325017,127.819241
579,沖縄県沖縄市海邦一丁目,26.326476,127.833378
580,沖縄県沖縄市仲宗根町,26.334316,127.80404
581,沖縄県沖縄市胡屋七丁目,26.323382,127.809675
582,沖縄県沖縄市胡屋五丁目,26.328384,127.806389
583,沖縄県沖縄市高原一丁目,26.32543,127.81323
584,沖縄県沖縄市安慶田三丁目,26.331234,127.811162
585,沖縄県沖縄市安慶田四丁目,26.329218,127.811177
586,沖縄県沖縄市照屋三丁目,26.331053,127.814161
587,沖縄県沖縄市大里一丁目,26.328416,127.819997
588,沖縄県沖縄市高原二丁目,26.326904,127.8162
589,沖縄県沖縄市照屋五丁目,26.332266,127.818942
590,沖縄県沖縄市桃原一丁目,26.331711,127.824917
591,沖縄県沖縄市大里二丁目,26.328904,127.823638
592,沖縄県沖縄市字大里,26.326603,127.827065
593,沖縄県沖縄市泡瀬六丁目,26.328348,127.830906
594,沖縄県沖縄市桃原三丁目,26.333509,127.829153
595,沖縄県沖縄市字桃原,26.331105,127.830402
596,沖縄県沖縄市山里三丁目,26.320404,127.788042
597,沖縄県沖縄市胡屋二丁目,26.333728,127.800933
598,沖縄県沖縄市上地一丁目,26.334595,127.797577
599,沖縄県沖縄市比屋根六丁目,26.315822,127.815376
600,沖縄県沖縄市比屋根四丁目,26.315182,127.820415
601,沖縄県沖縄市高原五丁目,26.322795,127.825403
602,沖縄県沖縄市泡瀬五丁目,26.324215,127.829872
603,沖縄県沖縄市比屋根五丁目,26.308868,127.823141
604,沖縄県沖縄市比屋根七丁目,26.320323,127.811683
605,沖縄県沖縄市山里二丁目,26.321447,127.79211
606,沖縄県沖縄市久保田一丁目,26.323525,127.794723
607,沖縄県沖縄市久保田三丁目,26.318776,127.794515
608,沖縄県沖縄市山里,26.318671,127.791068
609,沖縄県沖縄市山内二丁目,26.32338,127.785852
610,沖縄県沖縄市山内三丁目,26.327731,127.783627
611,沖縄県沖縄市南桃原一丁目,26.319013,127.785207
612,沖縄県沖縄市南桃原三丁目,26.32257,127.781842
613,沖縄県沖縄市山内一丁目,26.329533,127.78586
614,沖縄県沖縄市山里一丁目,26.324656,127.789157
615,沖縄県沖縄市諸見里三丁目,26.326495,127.791576
616,沖縄県沖縄市諸見里二丁目,26.331237,127.788508
617,沖縄県沖縄市山内四丁目,26.330991,127.781918
618,沖縄県沖縄市南桃原四丁目,26.32796,127.77987
619,沖縄県沖縄市南桃原二丁目,26.318583,127.780889
620,沖縄県沖縄市美原一丁目,26.347721,127.821448
621,沖縄県沖縄市池原四丁目,26.386789,127.829579
622,沖縄県沖縄市池原二丁目,26.380836,127.823588
623,沖縄県沖縄市池原一丁目,26.378746,127.828977
624,沖縄県沖縄市池原三丁目,26.387823,127.827655
625,沖縄県沖縄市字倉敷,26.389427,127.795455
626,沖縄県沖縄市松本六丁目,26.355237,127.807906
627,沖縄県沖縄市美里五丁目,26.351792,127.811095
628,沖縄県沖縄市登川三丁目,26.372521,127.823372
629,沖縄県沖縄市美原三丁目,26.349289,127.817112
630,沖縄県沖縄市美里三丁目,26.347401,127.813985
631,沖縄県沖縄市越来三丁目,26.347336,127.809725
632,沖縄県沖縄市越来二丁目,26.34482,127.810195
633,沖縄県沖縄市八重島三丁目,26.347803,127.806036
634,沖縄県沖縄市嘉間良三丁目,26.344849,127.805936
635,沖縄県沖縄市美里四丁目,26.35124,127.814059
636,沖縄県沖縄市松本一丁目,26.355065,127.8152
637,沖縄県沖縄市知花二丁目,26.358937,127.810896
638,沖縄県沖縄市松本四丁目,26.357761,127.816397
639,沖縄県沖縄市知花三丁目,26.361213,127.808508
640,沖縄県沖縄市松本五丁目,26.356908,127.80993
641,沖縄県沖縄市知花一丁目,26.359909,127.816876
642,沖縄県沖縄市中央三丁目,26.339232,127.802226
643,沖縄県沖縄市嘉間良二丁目,26.341962,127.807178
644,沖縄県沖縄市住吉二丁目,26.339623,127.806322
645,沖縄県沖縄市嘉間良一丁目,26.341575,127.804191
646,沖縄県沖縄市中央四丁目,26.341005,127.800343
647,沖縄県沖縄市八重島一丁目,26.344881,127.801611
648,沖縄県沖縄市住吉一丁目,26.339279,127.809913
649,沖縄県沖縄市字美里,26.355142,127.803317
650,沖縄県沖縄市松本七丁目,26.358133,127.803887
651,沖縄県沖縄市美原四丁目,26.35014,127.82151
652,沖縄県沖縄市松本二丁目,26.354164,127.819825
653,沖縄県沖縄市字松本,26.352252,127.822024
654,沖縄県沖縄市松本三丁目,26.357848,127.820547
655,沖縄県沖縄市東一丁目,26.342495,127.820935
656,沖縄県沖縄市美原二丁目,26.345313,127.818856
657,沖縄県沖縄市美里一丁目,26.341376,127.816306
658,沖縄県沖縄市城前町,26.340571,127.813031
659,沖縄県沖縄市美里二丁目,26.34469,127.815222
660,沖縄県沖縄市越来一丁目,26.341727,127.810843
661,沖縄県沖縄市八重島二丁目,26.348094,127.803435
662,沖縄県沖縄市美里六丁目,26.352717,127.80655
663,沖縄県沖縄市知花四丁目,26.36301,127.804034
664,沖縄県沖縄市知花六丁目,26.363676,127.818189
665,沖縄県沖縄市登川一丁目,26.368611,127.820734
666,沖縄県沖縄市登川二丁目,26.366131,127.822593
667,沖縄県沖縄市知花五丁目,26.365399,127.811437
668,沖縄県沖縄市字知花,26.371588,127.807164
669,沖縄県沖縄市字池原,26.387093,127.814755
670,沖縄県沖縄市池原五丁目,26.382371,127.831501
671,沖縄県沖縄市明道一丁目,26.355751,127.823232
672,沖縄県沖縄市字登川,26.375462,127.815404
673,沖縄県沖縄市宮里四丁目,26.340432,127.824718
674,沖縄県沖縄市古謝一丁目,26.338284,127.83074
675,沖縄県沖縄市海邦二丁目,26.330569,127.83512
676,沖縄県沖縄市古謝二丁目,26.334785,127.833398
677,沖縄県沖縄市美里仲原町,26.346538,127.827197
678,沖縄県沖縄市古謝津嘉山町,26.342059,127.829495
679,沖縄県沖縄市古謝三丁目,26.337451,127.837385
680,沖縄県沖縄市潮乃森,26.302455,127.838136
681,沖縄県豊見城市字与根,26.16731,127.658747
682,沖縄県豊見城市字平良,26.171551,127.692086
683,沖縄県豊見城市字渡橋名,26.16633,127.675575
684,沖縄県豊見城市字饒波,26.176235,127.695998
685,沖縄県豊見城市字上田,26.17305,127.679252
686,沖縄県豊見城市字高嶺,26.167685,127.689537
687,沖縄県豊見城市字渡嘉敷,26.169995,127.68215
688,沖縄県豊見城市字伊良波,26.172076,127.666585
689,沖縄県豊見城市字豊崎,26.156532,127.657786
690,沖縄県豊見城市字保栄茂,26.161578,127.684696
691,沖縄県豊見城市字翁長,26.158194,127.671659
692,沖縄県豊見城市字座安,26.167347,127.67002
693,沖縄県豊見城市字瀬長,26.175914,127.649778
694,沖縄県豊見城市字根差部,26.18694,127.693159
695,沖縄県豊見城市字嘉数,26.188048,127.700634
696,沖縄県豊見城市字金良,26.177798,127.706959
697,沖縄県豊見城市字長堂,26.184557,127.706383
698,沖縄県豊見城市字宜保,26.180394,127.678015
699,沖縄県豊見城市字高安,26.180875,127.688232
700,沖縄県豊見城市字真玉橋,26.192922,127.692928
701,沖縄県豊見城市字我那覇,26.17963,127.670657
702,沖縄県豊見城市字豊見城,26.187706,127.683024
703,沖縄県豊見城市字田頭,26.177376,127.660406
704,沖縄県豊見城市字名嘉地,26.177753,127.665349
705,沖縄県豊見城市宜保一丁目,26.178144,127.679488
706,沖縄県豊見城市宜保五丁目,26.180376,127.680099
707,沖縄県豊見城市宜保三丁目,26.178885,127.675235
708,沖縄県豊見城市宜保四丁目,26.180378,127.676391
709,沖縄県豊見城市宜保二丁目,26.178069,127.676821
710,沖縄県うるま市勝連南風原,26.332998,127.877681
711,沖縄県うるま市与那城伊計,26.391472,127.995315
712,沖縄県うるま市与那城平安座,26.349798,127.95429
713,沖縄県うるま市与那城屋平,26.331746,127.929245
714,沖縄県うるま市与那城照間,26.338803,127.886642
715,沖縄県うるま市字州崎,26.336232,127.854274
716,沖縄県うるま市字宇堅,26.381598,127.870679
717,沖縄県うるま市字赤野,26.374309,127.865531
718,沖縄県うるま市字具志川,26.354983,127.87205
719,沖縄県うるま市石川曙一丁目,26.419623,127.828403
720,沖縄県うるま市石川,26.434546,127.822079
721,沖縄県うるま市石川曙二丁目,26.418189,127.827059
722,沖縄県うるま市石川嘉手苅,26.422076,127.807505
723,沖縄県うるま市石川伊波,26.425597,127.811208
724,沖縄県うるま市石川山城,26.412997,127.80416
725,沖縄県うるま市与那城中央,26.3292,127.90566
726,沖縄県うるま市勝連比嘉,26.318333,127.959749
727,沖縄県うるま市勝連浜,26.320984,127.953648
728,沖縄県うるま市与那城,26.328382,127.894635
729,沖縄県うるま市与那城安勢理,26.315775,127.905527
730,沖縄県うるま市与那城屋慶名,26.324285,127.905662
731,沖縄県うるま市勝連平安名,26.316901,127.892694
732,沖縄県うるま市与那城饒辺,26.314093,127.913397
733,沖縄県うるま市勝連内間,26.314422,127.900807
734,沖縄県うるま市与那城西原,26.330432,127.886667
735,沖縄県うるま市与那城桃原,26.358455,127.976222
736,沖縄県うるま市与那城池味,26.378646,127.986301
737,沖縄県うるま市与那城平宮,26.353754,127.966947
738,沖縄県うるま市与那城上原,26.370738,127.977716
739,沖縄県うるま市与那城宮城,26.367086,127.989363
740,沖縄県うるま市石川東恩納崎,26.416703,127.837423
741,沖縄県うるま市喜仲二丁目,26.356447,127.843497
742,沖縄県うるま市喜仲三丁目,26.355028,127.845783
743,沖縄県うるま市喜仲四丁目,26.353566,127.848432
744,沖縄県うるま市字仲嶺,26.358409,127.852638
745,沖縄県うるま市喜仲一丁目,26.358956,127.84401
746,沖縄県うるま市みどり町三丁目,26.375507,127.859198
747,沖縄県うるま市みどり町一丁目,26.380437,127.858763
748,沖縄県うるま市みどり町五丁目,26.378283,127.853469
749,沖縄県うるま市字川田,26.346502,127.866224
750,沖縄県うるま市字塩屋,26.347637,127.859282
751,沖縄県うるま市字赤道,26.358509,127.828268
752,沖縄県うるま市字宮里,26.3518,127.834942
753,沖縄県うるま市字高江洲,26.352846,127.841399
754,沖縄県うるま市字豊原,26.34738,127.852351
755,沖縄県うるま市字喜屋武,26.360368,127.848096
756,沖縄県うるま市字上江洲,26.35818,127.857916
757,沖縄県うるま市字大田,26.353503,127.865781
758,沖縄県うるま市字兼箇段,26.370189,127.837828
759,沖縄県うるま市字川崎,26.383322,127.842151
760,沖縄県うるま市みどり町六丁目,26.381365,127.854941
761,沖縄県うるま市字天願,26.390102,127.858842
762,沖縄県うるま市みどり町二丁目,26.379224,127.862199
763,沖縄県うるま市字昆布,26.395932,127.846062
764,沖縄県うるま市字栄野比,26.392716,127.832209
765,沖縄県うるま市石川楚南,26.400536,127.812352
766,沖縄県うるま市石川東恩納,26.407634,127.830574
767,沖縄県うるま市石川曙三丁目,26.417451,127.824532
768,沖縄県うるま市石川赤崎三丁目,26.429392,127.840248
769,沖縄県うるま市石川一丁目,26.430656,127.825987
770,沖縄県うるま市石川白浜一丁目,26.429433,127.828765
771,沖縄県うるま市石川石崎一丁目,26.426156,127.829321
772,沖縄県うるま市石川東山本町一丁目,26.435839,127.830947
773,沖縄県うるま市石川二丁目,26.42766,127.823742
774,沖縄県うるま市石川東山二丁目,26.437237,127.838926
775,沖縄県うるま市石川白浜二丁目,26.424904,127.826206
776,沖縄県うるま市石川東山本町二丁目,26.436457,127.833715
777,沖縄県うるま市石川東山一丁目,26.436983,127.836407
778,沖縄県うるま市石川石崎二丁目,26.429772,127.830569
779,沖縄県うるま市石川赤崎一丁目,26.431014,127.835268
780,沖縄県うるま市石川赤崎二丁目,26.433633,127.837202
781,沖縄県うるま市勝連津堅,26.252115,127.942203
782,沖縄県うるま市勝連平敷屋,26.304394,127.912465
783,沖縄県うるま市字安慶名,26.381987,127.851705
784,沖縄県うるま市字平良川,26.367828,127.849706
785,沖縄県うるま市みどり町四丁目,26.3766,127.856367
786,沖縄県うるま市字西原,26.375257,127.843901
787,沖縄県うるま市安慶名二丁目,26.377266,127.850568
788,沖縄県うるま市安慶名三丁目,26.373332,127.85079
789,沖縄県うるま市字田場,26.36824,127.864218
790,沖縄県うるま市安慶名一丁目,26.373448,127.854435
791,沖縄県うるま市字前原,26.341061,127.849133
792,沖縄県うるま市字江洲,26.347405,127.832255
793,沖縄県宮古島市城辺,24.756914,125.384528
794,沖縄県宮古島市下地,24.744713,125.280446
795,沖縄県宮古島市上野,24.74167,125.327333
796,沖縄県宮古島市平良,24.842422,125.30218
797,沖縄県宮古島市伊良部,24.835268,125.186042
798,沖縄県南城市字つきしろ,26.160656,127.791972
799,沖縄県南城市知念,26.145407,127.809305
800,沖縄県南城市知念字知名,26.18421,127.816173
801,沖縄県南城市知念字知念,26.162496,127.814644
802,沖縄県南城市知念字志喜屋,26.153685,127.799359
803,沖縄県南城市知念字山里,26.156143,127.803681
804,沖縄県南城市知念字具志堅,26.15754,127.808718
805,沖縄県南城市知念字久手堅,26.170654,127.823817
806,沖縄県南城市知念字久高,26.161998,127.893967
807,沖縄県南城市知念字久原,26.18517,127.804141
808,沖縄県南城市知念字吉富,26.168374,127.818433
809,沖縄県南城市知念字海野,26.187809,127.810988
810,沖縄県南城市知念字安座真,26.177312,127.822089
811,沖縄県南城市大里字嶺井,26.193869,127.755639
812,沖縄県南城市大里字仲間,26.179172,127.742147
813,沖縄県南城市大里字大里,26.182675,127.757056
814,沖縄県南城市大里字大城,26.167183,127.7575
815,沖縄県南城市大里字高平,26.1732,127.741536
816,沖縄県南城市大里字古堅,26.191422,127.743981
817,沖縄県南城市大里字稲嶺,26.165322,127.73765
818,沖縄県南城市佐敷字冨祖崎,26.174838,127.794127
819,沖縄県南城市佐敷字津波古,26.182244,127.770821
820,沖縄県南城市佐敷字仲伊保,26.181536,127.794861
821,沖縄県南城市佐敷字新里,26.167823,127.773164
822,沖縄県南城市佐敷字新開,26.177175,127.776278
823,沖縄県南城市佐敷字小谷,26.173203,127.765611
824,沖縄県南城市佐敷字手登根,26.168901,127.804117
825,沖縄県南城市佐敷字佐敷,26.165561,127.789842
826,沖縄県南城市佐敷字兼久,26.167946,127.781265
827,沖縄県南城市佐敷字屋比久,26.177129,127.802059
828,沖縄県南城市佐敷字伊原,26.175219,127.81044
829,沖縄県南城市玉城字當山,26.14009,127.762124
830,沖縄県南城市玉城字堀川,26.132829,127.761154
831,沖縄県南城市玉城字富里,26.143528,127.769697
832,沖縄県南城市玉城字百名,26.139734,127.789192
833,沖縄県南城市玉城字仲村渠,26.147906,127.788491
834,沖縄県南城市玉城字中山,26.141809,127.776389
835,沖縄県南城市玉城字前川,26.144705,127.749931
836,沖縄県南城市玉城字船越,26.154322,127.754889
837,沖縄県南城市玉城字親慶原,26.15729,127.779385
838,沖縄県南城市玉城字糸数,26.154463,127.765498
839,沖縄県南城市玉城字志堅原,26.133116,127.766607
840,沖縄県南城市玉城字玉城,26.141862,127.782205
841,沖縄県南城市玉城字喜良原,26.154269,127.775287
842,沖縄県南城市玉城字垣花,26.15114,127.792603
843,沖縄県南城市玉城字屋嘉部,26.147405,127.763629
844,沖縄県南城市玉城字奥武,26.1367,127.755966
845,沖縄県南城市玉城字愛地,26.159113,127.745324
846,沖縄県国頭郡国頭村字安波,26.709047,128.264275
847,沖縄県国頭郡国頭村字与那,26.755557,128.225375
848,沖縄県国頭郡国頭村字謝敷,26.765771,128.235085
849,沖縄県国頭郡国頭村字安田,26.756896,128.289824
850,沖縄県国頭郡国頭村字宇嘉,26.820393,128.249388
851,沖縄県国頭郡国頭村字宇良,26.743974,128.2036
852,沖縄県国頭郡国頭村字辺野喜,26.788582,128.264731
853,沖縄県国頭郡国頭村字佐手,26.778749,128.237541
854,沖縄県国頭郡国頭村字伊地,26.748384,128.217328
855,沖縄県国頭郡国頭村字奥,26.827621,128.28024
856,沖縄県国頭郡国頭村字楚洲,26.803847,128.305314
857,沖縄県国頭郡国頭村字宜名真,26.845449,128.259023
858,沖縄県国頭郡国頭村字桃原,26.741505,128.159779
859,沖縄県国頭郡国頭村字半地,26.724361,128.167413
860,沖縄県国頭郡国頭村字鏡地,26.732249,128.16314
861,沖縄県国頭郡国頭村字辺土名,26.732582,128.200744
862,沖縄県国頭郡国頭村字比地,26.713569,128.197451
863,沖縄県国頭郡国頭村字奥間,26.72219,128.206095
864,沖縄県国頭郡国頭村字浜,26.707712,128.185479
865,沖縄県国頭郡国頭村字辺戸,26.858017,128.265028
866,沖縄県国頭郡大宜味村字白浜,26.649028,128.115483
867,沖縄県国頭郡大宜味村字田港,26.657548,128.138117
868,沖縄県国頭郡大宜味村字大保,26.649262,128.126872
869,沖縄県国頭郡大宜味村字喜如嘉,26.690618,128.155533
870,沖縄県国頭郡大宜味村字謝名城,26.693786,128.168065
871,沖縄県国頭郡大宜味村字押川,26.665847,128.142016
872,沖縄県国頭郡大宜味村字大宜味,26.68141,128.142474
873,沖縄県国頭郡大宜味村字根路銘,26.676463,128.146988
874,沖縄県国頭郡大宜味村字饒波,26.683947,128.154266
875,沖縄県国頭郡大宜味村字塩屋,26.675875,128.11241
876,沖縄県国頭郡大宜味村字大兼久,26.695678,128.125817
877,沖縄県国頭郡大宜味村字屋古,26.672715,128.116908
878,沖縄県国頭郡大宜味村字上原,26.684132,128.112678
879,沖縄県国頭郡大宜味村字宮城,26.667244,128.101439
880,沖縄県国頭郡大宜味村字津波,26.639682,128.09757
881,沖縄県国頭郡大宜味村字田嘉里,26.697727,128.181132
882,沖縄県国頭郡東村字高江,26.663118,128.250274
883,沖縄県国頭郡東村字慶佐次,26.603377,128.144629
884,沖縄県国頭郡東村字有銘,26.603556,128.119185
885,沖縄県国頭郡東村字宮城,26.624989,128.184139
886,沖縄県国頭郡東村字川田,26.630509,128.166749
887,沖縄県国頭郡東村字平良,26.630942,128.151612
888,沖縄県国頭郡今帰仁村字運天,26.687458,127.999249
889,沖縄県国頭郡今帰仁村字天底,26.670799,127.982006
890,沖縄県国頭郡今帰仁村字上運天,26.679944,127.994791
891,沖縄県国頭郡今帰仁村字玉城,26.671032,127.970248
892,沖縄県国頭郡今帰仁村字謝名,26.677117,127.962658
893,沖縄県国頭郡今帰仁村字仲尾次,26.687214,127.950743
894,沖縄県国頭郡今帰仁村字今泊,26.688035,127.927078
895,沖縄県国頭郡今帰仁村字兼次,26.68386,127.938551
896,沖縄県国頭郡今帰仁村字湧川,26.653025,127.981431
897,沖縄県国頭郡今帰仁村字呉我山,26.652139,127.966167
898,沖縄県国頭郡今帰仁村字古宇利,26.704348,128.018102
899,沖縄県国頭郡今帰仁村字勢理客,26.678553,127.985227
900,沖縄県国頭郡今帰仁村字渡喜仁,26.688807,127.984378
901,沖縄県国頭郡今帰仁村字崎山,26.697634,127.960631
902,沖縄県国頭郡今帰仁村字平敷,26.689848,127.96058
903,沖縄県国頭郡今帰仁村字仲宗根,26.688716,127.975541
904,沖縄県国頭郡今帰仁村字越地,26.691006,127.969611
905,沖縄県国頭郡今帰仁村字与那嶺,26.689765,127.947015
906,沖縄県国頭郡今帰仁村字諸志,26.688952,127.942081
907,沖縄県国頭郡本部町字瀬底,26.641602,127.864071
908,沖縄県国頭郡本部町字浜元,26.67221,127.89224
909,沖縄県国頭郡本部町字並里,26.654175,127.924161
910,沖縄県国頭郡本部町字伊豆味,26.651113,127.947337
911,沖縄県国頭郡本部町字伊野波,26.663711,127.914649
912,沖縄県国頭郡本部町字山里,26.669565,127.908592
913,沖縄県国頭郡本部町字野原,26.667436,127.897092
914,沖縄県国頭郡本部町字大嘉陽,26.644856,127.910197
915,沖縄県国頭郡本部町字谷茶,26.6568,127.889435
916,沖縄県国頭郡本部町字健堅,26.644634,127.889544
917,沖縄県国頭郡本部町字大浜,26.654398,127.885087
918,沖縄県国頭郡本部町字辺名地,26.641899,127.906041
919,沖縄県国頭郡本部町字東,26.657301,127.900857
920,沖縄県国頭郡本部町字渡久地,26.662204,127.895834
921,沖縄県国頭郡本部町字備瀬,26.701693,127.884452
922,沖縄県国頭郡本部町字新里,26.699843,127.895707
923,沖縄県国頭郡本部町字具志堅,26.694214,127.912446
924,沖縄県国頭郡本部町字謝花,26.683097,127.899015
925,沖縄県国頭郡本部町字北里,26.691036,127.900587
926,沖縄県国頭郡本部町字石川,26.692401,127.881857
927,沖縄県国頭郡本部町字豊原,26.685836,127.890796
928,沖縄県国頭郡本部町字大堂,26.678698,127.917668
929,沖縄県国頭郡本部町字嘉津宇,26.685026,127.909825
930,沖縄県国頭郡本部町字古島,26.6784,127.903527
931,沖縄県国頭郡本部町字山川,26.684194,127.880913
932,沖縄県国頭郡本部町字浦崎,26.67765,127.892739
933,沖縄県国頭郡本部町字崎本部,26.624728,127.898612
934,沖縄県国頭郡恩納村字真栄田,26.430632,127.762751
935,沖縄県国頭郡恩納村字瀬良垣,26.494988,127.873102
936,沖縄県国頭郡恩納村字恩納,26.485385,127.858389
937,沖縄県国頭郡恩納村字山田,26.428754,127.781438
938,沖縄県国頭郡恩納村字安富祖,26.497743,127.890744
939,沖縄県国頭郡恩納村字名嘉真,26.515275,127.924507
940,沖縄県国頭郡恩納村字喜瀬武原,26.491938,127.90959
941,沖縄県国頭郡恩納村字谷茶,26.464243,127.830718
942,沖縄県国頭郡恩納村字冨着,26.454068,127.819568
943,沖縄県国頭郡恩納村字前兼久,26.447528,127.807698
944,沖縄県国頭郡恩納村字仲泊,26.434395,127.798825
945,沖縄県国頭郡宜野座村字松田,26.504901,127.984398
946,沖縄県国頭郡宜野座村字宜野座,26.498165,127.97164
947,沖縄県国頭郡宜野座村字惣慶,26.490912,127.960503
948,沖縄県国頭郡宜野座村字漢那,26.488622,127.944201
949,沖縄県国頭郡金武町字伊芸,26.464591,127.883299
950,沖縄県国頭郡金武町字金武,26.46773,127.916969
951,沖縄県国頭郡金武町字屋嘉,26.455166,127.849148
952,沖縄県国頭郡伊江村字川平,26.709901,127.770723
953,沖縄県国頭郡伊江村字東江前,26.719193,127.821909
954,沖縄県国頭郡伊江村字西江前,26.717716,127.76148
955,沖縄県国頭郡伊江村字東江上,26.727023,127.79742
956,沖縄県国頭郡伊江村字西江上,26.726717,127.766156
957,沖縄県中頭郡読谷村字大湾,26.374691,127.747119
958,沖縄県中頭郡読谷村字大木,26.382266,127.745938
959,沖縄県中頭郡読谷村字伊良皆,26.387268,127.754446
960,沖縄県中頭郡読谷村字長浜,26.416287,127.738345
961,沖縄県中頭郡読谷村字座喜味,26.40325,127.747468
962,沖縄県中頭郡読谷村字喜名,26.401009,127.76689
963,沖縄県中頭郡読谷村字古堅,26.367463,127.748301
964,沖縄県中頭郡読谷村字親志,26.415406,127.773434
965,沖縄県中頭郡読谷村字儀間,26.417427,127.718498
966,沖縄県中頭郡読谷村字渡慶次,26.419687,127.725952
967,沖縄県中頭郡読谷村字瀬名波,26.425771,127.729176
968,沖縄県中頭郡読谷村字長田,26.388039,127.767931
969,沖縄県中頭郡読谷村字比謝,26.378771,127.753774
970,沖縄県中頭郡読谷村字牧原,26.373904,127.763978
971,沖縄県中頭郡読谷村字比謝矼,26.370118,127.755689
972,沖縄県中頭郡読谷村字渡具知,26.36824,127.738749
973,沖縄県中頭郡読谷村字高志保,26.409608,127.726656
974,沖縄県中頭郡読谷村字上地,26.404628,127.737429
975,沖縄県中頭郡読谷村字波平,26.40114,127.725475
976,沖縄県中頭郡読谷村字都屋,26.391126,127.725961
977,沖縄県中頭郡読谷村字楚辺,26.382116,127.735998
978,沖縄県中頭郡読谷村字宇座,26.432859,127.721754
979,沖縄県中頭郡嘉手納町屋良一丁目,26.365072,127.763168
980,沖縄県中頭郡嘉手納町字水釜,26.358919,127.748461
981,沖縄県中頭郡嘉手納町字屋良,26.361915,127.765873
982,沖縄県中頭郡嘉手納町字久得,26.388565,127.779594
983,沖縄県中頭郡嘉手納町字嘉手納,26.363803,127.754415
984,沖縄県中頭郡嘉手納町字兼久,26.348831,127.756396
985,沖縄県中頭郡嘉手納町水釜六丁目,26.357118,127.741499
986,沖縄県中頭郡北谷町字北谷,26.303823,127.768369
987,沖縄県中頭郡北谷町字大村,26.307338,127.771792
988,沖縄県中頭郡北谷町字下勢頭,26.338137,127.764065
989,沖縄県中頭郡北谷町字砂辺,26.337043,127.749787
990,沖縄県中頭郡北谷町字宮城,26.328252,127.746705
991,沖縄県中頭郡北谷町字浜川,26.333393,127.754508
992,沖縄県中頭郡北谷町字北前,26.298379,127.768954
993,沖縄県中頭郡北谷町美浜二丁目,26.31691,127.759308
994,沖縄県中頭郡北谷町北谷二丁目,26.303898,127.760291
995,沖縄県中頭郡北谷町字玉上,26.313147,127.779576
996,沖縄県中頭郡北谷町字桑江,26.319452,127.765956
997,沖縄県中頭郡北谷町字伊平,26.325831,127.759855
998,沖縄県中頭郡北谷町字上勢頭,26.332603,127.771076
999,沖縄県中頭郡北谷町北前一丁目,26.299474,127.759463
1000,沖縄県中頭郡北谷町字美浜,26.316209,127.756118
1001,沖縄県中頭郡北谷町北谷一丁目,26.307531,127.761768
1002,沖縄県中頭郡北谷町字港,26.322434,127.750819
1003,沖縄県中頭郡北谷町美浜一丁目,26.311689,127.761364
1004,沖縄県中頭郡北谷町美浜三丁目,26.322562,127.756078
1005,沖縄県中頭郡北谷町字吉原,26.318472,127.77528
1006,沖縄県中頭郡北谷町字桃原,26.320449,127.77837
1007,沖縄県中頭郡北中城村字屋宜原,26.31292,127.789516
1008,沖縄県中頭郡北中城村字比嘉,26.314296,127.7971
1009,沖縄県中頭郡北中城村字美崎,26.30471,127.821937
1010,沖縄県中頭郡北中城村字渡口,26.307454,127.805036
1011,沖縄県中頭郡北中城村字和仁屋,26.299593,127.806309
1012,沖縄県中頭郡北中城村字仲順,26.304351,127.799565
1013,沖縄県中頭郡北中城村字喜舎場,26.303253,127.792088
1014,沖縄県中頭郡北中城村字島袋,26.319991,127.801114
1015,沖縄県中頭郡北中城村字熱田,26.292314,127.807247
1016,沖縄県中頭郡北中城村字大城,26.290114,127.800121
1017,沖縄県中頭郡北中城村字荻道,26.292846,127.79694
1018,沖縄県中頭郡北中城村字瑞慶覧,26.306015,127.781073
1019,沖縄県中頭郡北中城村字安谷屋,26.296118,127.787601
1020,沖縄県中頭郡中城村字奥間,26.256153,127.784369
1021,沖縄県中頭郡中城村字南浜,26.234686,127.785788
1022,沖縄県中頭郡中城村字北浜,26.2408,127.785717
1023,沖縄県中頭郡中城村字和宇慶,26.240118,127.779172
1024,沖縄県中頭郡中城村字津覇,26.247623,127.782223
1025,沖縄県中頭郡中城村字伊舎堂,26.277135,127.800801
1026,沖縄県中頭郡中城村字添石,26.273873,127.798325
1027,沖縄県中頭郡中城村字屋宜,26.270263,127.793155
1028,沖縄県中頭郡中城村字当間,26.264056,127.790222
1029,沖縄県中頭郡中城村字新垣,26.274151,127.784245
1030,沖縄県中頭郡中城村字安里,26.259955,127.787322
1031,沖縄県中頭郡中城村字久場,26.283273,127.812565
1032,沖縄県中頭郡中城村字泊,26.275334,127.809305
1033,沖縄県中頭郡中城村字登又,26.282209,127.79011
1034,沖縄県中頭郡中城村字北上原,26.267206,127.779384
1035,沖縄県中頭郡中城村字南上原,26.250996,127.771295
1036,沖縄県中頭郡中城村字伊集,26.240675,127.772555
1037,沖縄県中頭郡西原町字幸地,26.231912,127.743071
1038,沖縄県中頭郡西原町字小波津,26.224506,127.755201
1039,沖縄県中頭郡西原町字翁長,26.233951,127.752129
1040,沖縄県中頭郡西原町字桃原,26.21666,127.749219
1041,沖縄県中頭郡西原町字安室,26.219835,127.754318
1042,沖縄県中頭郡西原町字徳佐田,26.243657,127.747611
1043,沖縄県中頭郡西原町字東崎,26.214068,127.772889
1044,沖縄県中頭郡西原町字掛保久,26.232372,127.772213
1045,沖縄県中頭郡西原町字嘉手苅,26.225821,127.765836
1046,沖縄県中頭郡西原町字兼久,26.217097,127.767875
1047,沖縄県中頭郡西原町字津花波,26.230343,127.760539
1048,沖縄県中頭郡西原町字呉屋,26.231389,127.756351
1049,沖縄県中頭郡西原町字小橋川,26.231428,127.763719
1050,沖縄県中頭郡西原町字与那城,26.219705,127.76148
1051,沖縄県中頭郡西原町字我謝,26.215469,127.758083
1052,沖縄県中頭郡西原町字森川,26.24928,127.756716
1053,沖縄県中頭郡西原町字池田,26.220431,127.741157
1054,沖縄県中頭郡西原町上原一丁目,26.241069,127.762133
1055,沖縄県中頭郡西原町字棚原,26.245747,127.754968
1056,沖縄県中頭郡西原町棚原一丁目,26.242601,127.755364
1057,沖縄県中頭郡西原町字千原,26.250893,127.762658
1058,沖縄県中頭郡西原町上原二丁目,26.243157,127.762911
1059,沖縄県中頭郡西原町字上原,26.239697,127.764867
1060,沖縄県中頭郡西原町字小那覇,26.227559,127.778964
1061,沖縄県中頭郡西原町字内間,26.233672,127.767302
1062,沖縄県島尻郡与那原町字与那原,26.204724,127.751229
1063,沖縄県島尻郡与那原町字上与那原,26.199155,127.751305
1064,沖縄県島尻郡与那原町字東浜,26.206249,127.761622
1065,沖縄県島尻郡与那原町字板良敷,26.19345,127.766623
1066,沖縄県島尻郡南風原町字神里,26.174519,127.730075
1067,沖縄県島尻郡南風原町字与那覇,26.200936,127.743365
1068,沖縄県島尻郡南風原町字山川,26.179163,127.724555
1069,沖縄県島尻郡南風原町字照屋,26.185674,127.725315
1070,沖縄県島尻郡南風原町字喜屋武,26.184001,127.73185
1071,沖縄県島尻郡南風原町字本部,26.190791,127.723749
1072,沖縄県島尻郡南風原町字兼城,26.195835,127.724693
1073,沖縄県島尻郡南風原町字宮平,26.197647,127.734435
1074,沖縄県島尻郡南風原町字大名,26.209055,127.734605
1075,沖縄県島尻郡南風原町字宮城,26.206489,127.741782
1076,沖縄県島尻郡南風原町字新川,26.208755,127.726448
1077,沖縄県島尻郡南風原町字津嘉山,26.187603,127.715418
1078,沖縄県島尻郡渡嘉敷村字渡嘉敷,26.204298,127.361284
1079,沖縄県島尻郡渡嘉敷村字阿波連,26.165607,127.354599
1080,沖縄県島尻郡渡嘉敷村字前島,26.213017,127.447923
1081,沖縄県島尻郡座間味村字阿嘉,26.199931,127.277528
1082,沖縄県島尻郡座間味村字慶留間,26.181715,127.28888
1083,沖縄県島尻郡座間味村字阿真,26.232556,127.291791
1084,沖縄県島尻郡座間味村字阿佐,26.240462,127.318917
1085,沖縄県島尻郡座間味村字座間味,26.230562,127.306165
1086,沖縄県島尻郡粟国村字浜,26.586506,127.243133
1087,沖縄県島尻郡粟国村字西,26.585824,127.21845
1088,沖縄県島尻郡粟国村字東,26.589864,127.231393
1089,沖縄県島尻郡渡名喜村マグシ,26.380755,127.148383
1090,沖縄県島尻郡渡名喜村崎座,26.379493,127.146333
1091,沖縄県島尻郡渡名喜村大崎,26.37801,127.149582
1092,沖縄県島尻郡渡名喜村西森,26.377884,127.14709
1093,沖縄県島尻郡渡名喜村天土,26.375645,127.148005
1094,沖縄県島尻郡渡名喜村サウジ,26.37637,127.145607
1095,沖縄県島尻郡渡名喜村塩川,26.376433,127.143967
1096,沖縄県島尻郡渡名喜村富田,26.374377,127.146538
1097,沖縄県島尻郡渡名喜村赤嶺,26.375249,127.144503
1098,沖縄県島尻郡渡名喜村西兼久,26.373766,127.142555
1099,沖縄県島尻郡渡名喜村上手,26.372778,127.147119
1100,沖縄県島尻郡渡名喜村セキル,26.3724,127.145869
1101,沖縄県島尻郡渡名喜村西ノ底,26.372662,127.144299
1102,沖縄県島尻郡渡名喜村西,26.37147,127.142788
1103,沖縄県島尻郡渡名喜村東,26.370394,127.146131
1104,沖縄県島尻郡渡名喜村南,26.370249,127.142264
1105,沖縄県島尻郡渡名喜村大道,26.369057,127.143369
1106,沖縄県島尻郡渡名喜村脇原,26.368243,127.140346
1107,沖縄県島尻郡渡名喜村高田,26.365481,127.138427
1108,沖縄県島尻郡渡名喜村上高田,26.363388,127.140607
1109,沖縄県島尻郡渡名喜村高田川,26.366179,127.142468
1110,沖縄県島尻郡渡名喜村義中,26.367196,127.144881
1111,沖縄県島尻郡渡名喜村栗苅,26.367719,127.147439
1112,沖縄県島尻郡渡名喜村無蛇,26.364521,127.14805
1113,沖縄県島尻郡渡名喜村萩岳,26.364144,127.145462
1114,沖縄県島尻郡渡名喜村淵蛇,26.36237,127.142584
1115,沖縄県島尻郡渡名喜村呼子,26.360975,127.145578
1116,沖縄県島尻郡渡名喜村高嶺,26.358765,127.144677
1117,沖縄県島尻郡渡名喜村大川,26.361464,127.150112
1118,沖縄県島尻郡渡名喜村キノ,26.357487,127.147587
1119,沖縄県島尻郡渡名喜村君子川,26.356689,127.144932
1120,沖縄県島尻郡渡名喜村玉良志,26.360035,127.150326
1121,沖縄県島尻郡渡名喜村安在良,26.360738,127.152839
1122,沖縄県島尻郡渡名喜村内ノ底,26.358856,127.151958
1123,沖縄県島尻郡渡名喜村君子,26.355224,127.144277
1124,沖縄県島尻郡渡名喜村大本田,26.355053,127.149104
1125,沖縄県島尻郡渡名喜村島尻,26.356494,127.153397
1126,沖縄県島尻郡渡名喜村投良,26.361607,127.156264
1127,沖縄県島尻郡渡名喜村横岳,26.359073,127.154596
1128,沖縄県島尻郡渡名喜村唐岳,26.359968,127.155658
1129,沖縄県島尻郡渡名喜村居明良口,26.358042,127.157144
1130,沖縄県島尻郡渡名喜村ヲモ,26.360165,127.158919
1131,沖縄県島尻郡渡名喜村深ノ巻,26.362471,127.159678
1132,沖縄県島尻郡渡名喜村入砂,26.385156,127.102506
1133,沖縄県島尻郡南大東村字旧東,25.836353,131.253281
1134,沖縄県島尻郡南大東村字南,25.823744,131.244525
1135,沖縄県島尻郡南大東村字北,25.858553,131.235392
1136,沖縄県島尻郡南大東村字新東,25.853836,131.261773
1137,沖縄県島尻郡南大東村字在所,25.836302,131.235098
1138,沖縄県島尻郡南大東村字池之沢,25.837234,131.225018
1139,沖縄県島尻郡北大東村字ラサ,24.466789,131.188692
1140,沖縄県島尻郡北大東村字港,25.950905,131.28837
1141,沖縄県島尻郡北大東村字南,25.9382,131.314292
1142,沖縄県島尻郡北大東村字中野,25.947544,131.302378
1143,沖縄県島尻郡伊平屋村字田名,27.068049,127.98759
1144,沖縄県島尻郡伊平屋村字島尻,27.014303,127.937001
1145,沖縄県島尻郡伊平屋村字野甫,26.99573,127.919348
1146,沖縄県島尻郡伊平屋村字我喜屋,27.036224,127.9568
1147,沖縄県島尻郡伊平屋村字前泊,27.048461,127.977462
1148,沖縄県島尻郡伊是名村字仲田,26.925141,127.946139
1149,沖縄県島尻郡伊是名村字伊是名,26.920257,127.932435
1150,沖縄県島尻郡伊是名村字内花,26.945592,127.94097
1151,沖縄県島尻郡伊是名村字勢理客,26.938118,127.924191
1152,沖縄県島尻郡伊是名村字諸見,26.938176,127.949325
1153,沖縄県島尻郡久米島町字嘉手苅,26.347359,126.76973
1154,沖縄県島尻郡久米島町字奥武,26.338949,126.827398
1155,沖縄県島尻郡久米島町字謝名堂,26.340486,126.809021
1156,沖縄県島尻郡久米島町字比嘉,26.340317,126.795663
1157,沖縄県島尻郡久米島町字山城,26.330494,126.785919
1158,沖縄県島尻郡久米島町字儀間,26.331622,126.772165
1159,沖縄県島尻郡久米島町字鳥島,26.347517,126.739854
1160,沖縄県島尻郡久米島町字山里,26.362406,126.741576
1161,沖縄県島尻郡久米島町字上江洲,26.364083,126.760508
1162,沖縄県島尻郡久米島町字仲村渠,26.376767,126.755158
1163,沖縄県島尻郡久米島町字仲地,26.367328,126.743769
1164,沖縄県島尻郡久米島町字具志川,26.373648,126.740943
1165,沖縄県島尻郡久米島町字仲泊,26.348097,126.74662
1166,沖縄県島尻郡久米島町字西銘,26.358456,126.761196
1167,沖縄県島尻郡久米島町字島尻,26.304692,126.794571
1168,沖縄県島尻郡久米島町字銭田,26.32296,126.799058
1169,沖縄県島尻郡久米島町字真我里,26.327901,126.791592
1170,沖縄県島尻郡久米島町字宇根,26.347512,126.81358
1171,沖縄県島尻郡久米島町字真謝,26.356158,126.800506
1172,沖縄県島尻郡久米島町字阿嘉,26.36687,126.796757
1173,沖縄県島尻郡久米島町字比屋定,26.376864,126.784407
1174,沖縄県島尻郡久米島町字大田,26.352738,126.75867
1175,沖縄県島尻郡久米島町字宇江城,26.378258,126.769426
1176,沖縄県島尻郡久米島町字兼城,26.35263,126.763391
1177,沖縄県島尻郡久米島町字北原,26.367743,126.721824
1178,沖縄県島尻郡久米島町字大原,26.355098,126.723239
1179,沖縄県島尻郡久米島町字硫黄鳥島,27.873001,128.227345
1180,沖縄県島尻郡八重瀬町字具志頭,26.125995,127.747182
1181,沖縄県島尻郡八重瀬町字新城,26.137358,127.741897
1182,沖縄県島尻郡八重瀬町字友寄,26.169613,127.720614
1183,沖縄県島尻郡八重瀬町字宜次,26.17166,127.710833
1184,沖縄県島尻郡八重瀬町字港川,26.126518,127.758129
1185,沖縄県島尻郡八重瀬町字長毛,26.130438,127.756189
1186,沖縄県島尻郡八重瀬町字与座,26.109029,127.72909
1187,沖縄県島尻郡八重瀬町字玻名城,26.118676,127.739905
1188,沖縄県島尻郡八重瀬町字安里,26.111939,127.736149
1189,沖縄県島尻郡八重瀬町字高良,26.131594,127.709587
1190,沖縄県島尻郡八重瀬町字世名城,26.132654,127.71715
1191,沖縄県島尻郡八重瀬町字当銘,26.148718,127.701782
1192,沖縄県島尻郡八重瀬町字伊覇,26.159701,127.72107
1193,沖縄県島尻郡八重瀬町字志多伯,26.152097,127.708948
1194,沖縄県島尻郡八重瀬町字上田原,26.160759,127.713728
1195,沖縄県島尻郡八重瀬町字小城,26.157841,127.704558
1196,沖縄県島尻郡八重瀬町字仲座,26.11199,127.724532
1197,沖縄県島尻郡八重瀬町字大頓,26.128947,127.73549
1198,沖縄県島尻郡八重瀬町字富盛,26.132358,127.727863
1199,沖縄県島尻郡八重瀬町字後原,26.146468,127.734968
1200,沖縄県島尻郡八重瀬町字屋宜原,26.163092,127.727601
1201,沖縄県島尻郡八重瀬町字東風平,26.152087,127.721199
1202,沖縄県島尻郡八重瀬町字外間,26.177742,127.71492
1203,沖縄県宮古郡多良間村字仲筋,24.657759,124.685433
1204,沖縄県宮古郡多良間村字水納,24.753409,124.695684
1205,沖縄県宮古郡多良間村字塩川,24.656988,124.713997
1206,沖縄県八重山郡竹富町字黒島,24.237087,124.011919
1207,沖縄県八重山郡竹富町字小浜,24.339076,123.980159
1208,沖縄県八重山郡竹富町字南風見,24.282777,123.845756
1209,沖縄県八重山郡竹富町字南風見仲,24.288198,123.887955
1210,沖縄県八重山郡竹富町字古見,24.322048,123.878137
1211,沖縄県八重山郡竹富町字西表,24.344406,123.782476
1212,沖縄県八重山郡竹富町字高那,24.372131,123.88956
1213,沖縄県八重山郡竹富町字上原,24.375079,123.825219
1214,沖縄県八重山郡竹富町字波照間,24.058586,123.782432
1215,沖縄県八重山郡竹富町字新城,24.234027,123.944947
1216,沖縄県八重山郡竹富町字崎山,24.305231,123.685666
1217,沖縄県八重山郡竹富町字鳩間,24.472254,123.820428
1218,沖縄県八重山郡竹富町字竹富,24.326125,124.089079
1219,沖縄県八重山郡与那国町字与那国,24.455925,122.987678
1220,沖縄県石垣市字大浜,24.339933,124.191564
1221,沖縄県石垣市字盛山,24.384691,124.245457
1222,沖縄県名護市字名護,26.610246,127.984608
1223,沖縄県糸満市字武富,26.16438,127.691566
1224,沖縄県沖縄市（大字なし）,26.330349,127.778673
1225,沖縄県沖縄市（大字なし）,26.364902,127.798242
1226,沖縄県うるま市字前原,26.337858,127.844785
1227,沖縄県宮古島市平良,24.925399,125.242883
1228,沖縄県宮古島市平良,24.924153,125.246711
1229,沖縄県宮古島市下地,24.735018,125.275684
1230,沖縄県宮古島市平良,24.790429,125.271733
1231,沖縄県宮古島市平良,24.887066,125.28154
1232,沖縄県宮古島市平良,24.781235,125.280419
1233,沖縄県宮古島市平良,24.786167,125.294202
1234,沖縄県宮古島市下地,24.748534,125.284565
1235,沖縄県宮古島市平良,24.772767,125.328526
1236,沖縄県宮古島市下地,24.734076,125.287167
1237,沖縄県宮古島市平良,24.810907,125.293753
1238,沖縄県宮古島市下地,24.758322,125.302347
1239,沖縄県宮古島市平良,24.817925,125.282075
1240,沖縄県宮古島市平良,24.802297,125.292188
1241,沖縄県宮古島市平良,24.857607,125.304433
1242,沖縄県宮古島市平良,24.829282,125.299391
1243,沖縄県宮古島市平良,24.8445,125.301127
1244,沖縄県宮古島市下地,24.730327,125.301903
1245,沖縄県宮古島市上野,24.730902,125.31733
1246,沖縄県宮古島市平良,24.782653,125.328483
1247,沖縄県宮古島市上野,24.739878,125.309164
1248,沖縄県宮古島市上野,24.757652,125.325126
1249,沖縄県宮古島市上野,24.731743,125.338261
1250,沖縄県宮古島市城辺,24.759775,125.342012
1251,沖縄県宮古島市城辺,24.777139,125.360022
1252,沖縄県宮古島市城辺,24.743047,125.349168
1253,沖縄県宮古島市城辺,24.750542,125.371403
1254,沖縄県宮古島市城辺,24.732585,125.375017
1255,沖縄県宮古島市城辺,24.769545,125.379897
1256,沖縄県宮古島市城辺,24.73299,125.430404
1257,沖縄県宮古島市城辺,24.752504,125.39261
1258,沖縄県宮古島市城辺,24.74759,125.417432
1259,沖縄県南城市知念,26.152378,127.801282
1260,沖縄県南城市知念,26.185352,127.803524
1261,沖縄県南城市知念,26.154995,127.804644
1262,沖縄県南城市知念,26.157882,127.807772
1263,沖縄県南城市知念,26.160753,127.815299
1264,沖縄県南城市知念,26.188664,127.810823
1265,沖縄県南城市知念,26.183835,127.813337
1266,沖縄県南城市知念,26.167796,127.817767
1267,沖縄県南城市知念,26.170679,127.823115
1268,沖縄県南城市知念,26.177382,127.823061
1269,沖縄県中頭郡嘉手納町字兼久,26.351841,127.744975
