,郵便番号,full_name,緯度,経度
0,9000000,沖縄県那覇市以下に掲載がない場合,26.199562,127.691306
1,9010154,沖縄県那覇市赤嶺,26.1954,127.662876
2,9000002,沖縄県那覇市曙,26.239992,127.682645
3,9020067,沖縄県那覇市安里,26.220181,127.696607
4,9000029,沖縄県那覇市旭町,26.20947,127.676677
5,9010143,沖縄県那覇市安次嶺,26.236112,127.690279
6,9000003,沖縄県那覇市安謝,26.236112,127.690279
7,9000005,沖縄県那覇市天久,26.231555,127.691517
8,9000021,沖縄県那覇市泉崎,26.209001,127.680472
9,9000011,沖縄県那覇市上之屋,26.227585,127.688016
10,9010153,沖縄県那覇市宇栄原,26.184452,127.665806
11,9020073,沖縄県那覇市上間,26.200909,127.708851
12,9000026,沖縄県那覇市奥武山町,26.204514,127.675171
13,9010148,沖縄県那覇市大嶺,26.199562,127.691306
14,9000006,沖縄県那覇市おもろまち,26.228821,127.694567
15,9010152,沖縄県那覇市小禄,26.191872,127.67409
16,9010142,沖縄県那覇市鏡水,26.198096,127.678544
17,9000028,沖縄県那覇市垣花町,26.204944,127.671443
18,9010155,沖縄県那覇市金城,26.203394,127.665944
19,9010151,沖縄県那覇市鏡原町,26.198096,127.678544
20,9010146,沖縄県那覇市具志,26.182113,127.659451
21,9000033,沖縄県那覇市久米,26.215825,127.673038
22,9000015,沖縄県那覇市久茂地,26.215476,127.682265
23,9020075,沖縄県那覇市国場,26.199562,127.691306
24,9000024,沖縄県那覇市古波蔵,26.199562,127.691306
25,9020078,沖縄県那覇市識名,26.20333,127.710612
26,9030813,沖縄県那覇市首里赤田町,26.214146,127.726126
27,9030811,沖縄県那覇市首里赤平町,26.223856,127.720962
28,9030824,沖縄県那覇市首里池端町,26.220371,127.716075
29,9030804,沖縄県那覇市首里石嶺町,26.232425,127.733362
30,9030823,沖縄県那覇市首里大中町,26.221628,127.71648
31,9030802,沖縄県那覇市首里大名町,26.231515,127.721468
32,9030815,沖縄県那覇市首里金城町,26.212956,127.719276
33,9030821,沖縄県那覇市首里儀保町,26.22369,127.718837
34,9030807,沖縄県那覇市首里久場川町,26.225692,127.721479
35,9030814,沖縄県那覇市首里崎山町,26.212626,127.72456
36,9030826,沖縄県那覇市首里寒川町,26.217332,127.711456
37,9030801,沖縄県那覇市首里末吉町,26.229062,127.708778
38,9030803,沖縄県那覇市首里平良町,26.228652,127.718044
39,9030806,沖縄県那覇市首里汀良町,26.220656,127.723729
40,9030812,沖縄県那覇市首里当蔵町,26.220132,127.720649
41,9030822,沖縄県那覇市首里桃原町,26.223606,127.713986
42,9030805,沖縄県那覇市首里鳥堀町,26.216833,127.725986
43,9030816,沖縄県那覇市首里真和志町,26.219217,127.716857
44,9030825,沖縄県那覇市首里山川町,26.223549,127.71198
45,9010141,沖縄県那覇市住吉町,26.209015,127.665661
46,9000023,沖縄県那覇市楚辺,26.207035,127.683173
47,9020066,沖縄県那覇市大道,26.199562,127.691306
48,9010145,沖縄県那覇市高良,26.184035,127.662984
49,9010156,沖縄県那覇市田原,26.196595,127.670137
50,9000037,沖縄県那覇市辻,26.220214,127.668078
51,9000025,沖縄県那覇市壺川,26.20583,127.681725
52,9020065,沖縄県那覇市壺屋,26.212732,127.694859
53,9010144,沖縄県那覇市当間,26.199562,127.691306
54,9000012,沖縄県那覇市泊,26.226959,127.683247
55,9000035,沖縄県那覇市通堂町,26.211004,127.669708
56,9020074,沖縄県那覇市仲井真,26.199562,127.691306
57,9020077,沖縄県那覇市長田,26.203349,127.700931
58,9000036,沖縄県那覇市西,26.217241,127.665343
59,9020071,沖縄県那覇市繁多川,26.214004,127.711466
60,9000034,沖縄県那覇市東町,26.212136,127.674005
61,9000022,沖縄県那覇市樋川,26.208335,127.688271
62,9020061,沖縄県那覇市古島,26.229366,127.704115
63,9020072,沖縄県那覇市真地,26.222671,127.700862
64,9000016,沖縄県那覇市前島,26.223433,127.682683
65,9020068,沖縄県那覇市真嘉比,26.222671,127.700862
66,9000013,沖縄県那覇市牧志,26.218221,127.689529
67,9000014,沖縄県那覇市松尾,26.213522,127.686884
68,9020062,沖縄県那覇市松川,26.215961,127.707067
69,9020069,沖縄県那覇市松島,26.225357,127.710673
70,9000032,沖縄県那覇市松山,26.22033,127.680447
71,9000001,沖縄県那覇市港町,26.244798,127.675857
72,9020063,沖縄県那覇市三原,26.20957,127.70247
73,9010147,沖縄県那覇市宮城,26.186538,127.657824
74,9000004,沖縄県那覇市銘苅,26.234646,127.699143
75,9000027,沖縄県那覇市山下町,26.203029,127.66948
76,9020076,沖縄県那覇市与儀,26.202408,127.691098
77,9020064,沖縄県那覇市寄宮,26.208149,127.697331
78,9000031,沖縄県那覇市若狭,26.2214,127.675852
79,9012200,沖縄県宜野湾市以下に掲載がない場合,26.268776,127.764862
80,9012206,沖縄県宜野湾市愛知,26.265571,127.769215
81,9012205,沖縄県宜野湾市赤道,26.273467,127.770583
82,9012201,沖縄県宜野湾市新城,26.287969,127.772719
83,9012221,沖縄県宜野湾市伊佐,26.289765,127.752422
84,9012204,沖縄県宜野湾市上原,26.275586,127.77713
85,9012227,沖縄県宜野湾市宇地泊,26.268776,127.764862
86,9012225,沖縄県宜野湾市大謝名,26.266481,127.73234
87,9012223,沖縄県宜野湾市大山,26.28492,127.744631
88,9012226,沖縄県宜野湾市嘉数,26.255411,127.737018
89,9012214,沖縄県宜野湾市我如古,26.255249,127.75
90,9012207,沖縄県宜野湾市神山,26.268776,127.764862
91,9012211,沖縄県宜野湾市宜野湾,26.265697,127.761157
92,9012222,沖縄県宜野湾市喜友名,26.284793,127.760494
93,9012216,沖縄県宜野湾市佐真下,26.268776,127.764862
94,9012213,沖縄県宜野湾市志真志,26.256111,127.761999
95,9012212,沖縄県宜野湾市長田,26.263107,127.767818
96,9012203,沖縄県宜野湾市野嵩,26.287209,127.783792
97,9012202,沖縄県宜野湾市普天間,26.289427,127.775457
98,9012215,沖縄県宜野湾市真栄原,26.257614,127.745494
99,9012224,沖縄県宜野湾市真志喜,26.28015,127.734712
100,9070000,沖縄県石垣市以下に掲載がない場合,24.330858,124.14501
101,9070024,沖縄県石垣市新川,24.346218,124.148903
102,9070023,沖縄県石垣市石垣,24.330858,124.14501
103,9070332,沖縄県石垣市伊原間,24.330858,124.14501
104,9070022,沖縄県石垣市大川,24.330858,124.14501
105,9070001,沖縄県石垣市大浜,24.330858,124.14501
106,9070453,沖縄県石垣市川平,24.330858,124.14501
107,9070452,沖縄県石垣市崎枝,24.330858,124.14501
108,9070242,沖縄県石垣市白保,24.330858,124.14501
109,9070014,沖縄県石垣市新栄町,24.346218,124.148903
110,9070241,沖縄県石垣市桃里,24.330858,124.14501
111,9070004,沖縄県石垣市登野城,24.330858,124.14501
112,9070031,沖縄県石垣市登野城尖閣,24.330858,124.14501
113,9070021,沖縄県石垣市名蔵,24.330858,124.14501
114,9070333,沖縄県石垣市野底,24.330858,124.14501
115,9070015,沖縄県石垣市南ぬ浜町,24.330858,124.14501
116,9070013,沖縄県石垣市浜崎町,24.33937,124.152078
117,9070003,沖縄県石垣市平得,24.330858,124.14501
118,9070331,沖縄県石垣市平久保,24.330858,124.14501
119,9070451,沖縄県石垣市桴海,24.330858,124.14501
120,9070002,沖縄県石垣市真栄里,24.330858,124.14501
121,9070012,沖縄県石垣市美崎町,24.339368,124.155463
122,9070243,沖縄県石垣市宮良,24.330858,124.14501
123,9070244,沖縄県石垣市盛山,24.330858,124.14501
124,9070011,沖縄県石垣市八島町,24.335069,124.158257
125,9012100,沖縄県浦添市以下に掲載がない場合,26.260212,127.695944
126,9012114,沖縄県浦添市安波茶,26.244151,127.721722
127,9012132,沖縄県浦添市伊祖,26.254867,127.7225
128,9012128,沖縄県浦添市伊奈武瀬,26.248315,127.671968
129,9012123,沖縄県浦添市西洲,26.260212,127.695944
130,9012121,沖縄県浦添市内間,26.235822,127.705764
131,9012113,沖縄県浦添市大平,26.244912,127.71506
132,9012111,沖縄県浦添市経塚,26.241877,127.723106
133,9012133,沖縄県浦添市城間,26.25337,127.712384
134,9012124,沖縄県浦添市小湾,26.260212,127.695944
135,9012122,沖縄県浦添市勢理客,26.241592,127.697881
136,9012112,沖縄県浦添市沢岻,26.236192,127.712397
137,9012104,沖縄県浦添市当山,26.251305,127.735033
138,9012103,沖縄県浦添市仲間,26.249871,127.728313
139,9012125,沖縄県浦添市仲西,26.246514,127.699985
140,9012101,沖縄県浦添市西原,26.254216,127.746972
141,9012102,沖縄県浦添市前田,26.236685,127.735398
142,9012131,沖縄県浦添市牧港,26.263792,127.721392
143,9012134,沖縄県浦添市港川,26.260924,127.719297
144,9012126,沖縄県浦添市宮城,26.250652,127.704346
145,9012127,沖縄県浦添市屋富祖,26.254045,127.707631
146,9050000,沖縄県名護市以下に掲載がない場合,26.603581,127.962329
147,9050021,沖縄県名護市東江,26.586579,127.990737
148,9050003,沖縄県名護市旭川,26.603581,127.962329
149,9052263,沖縄県名護市安部,26.603581,127.962329
150,9050001,沖縄県名護市安和,26.603581,127.962329
151,9051152,沖縄県名護市伊差川,26.603581,127.962329
152,9051142,沖縄県名護市稲嶺,26.603581,127.962329
153,9050006,沖縄県名護市宇茂佐,26.603581,127.962329
154,9050009,沖縄県名護市宇茂佐の森,26.603581,127.962329
155,9051634,沖縄県名護市運天原,26.603581,127.962329
156,9052267,沖縄県名護市大浦,26.604597,127.995911
157,9052268,沖縄県名護市大川,26.604597,127.995911
158,9050019,沖縄県名護市大北,26.604597,127.995911
159,9050017,沖縄県名護市大中,26.597126,127.989078
160,9050018,沖縄県名護市大西,26.596871,127.982561
161,9050016,沖縄県名護市大東,26.594293,127.992186
162,9050015,沖縄県名護市大南,26.593657,127.976
163,9051146,沖縄県名護市親川,26.603581,127.962329
164,9050002,沖縄県名護市勝山,26.603581,127.962329
165,9051633,沖縄県名護市我部,26.603581,127.962329
166,9051155,沖縄県名護市我部祖河,26.603581,127.962329
167,9052262,沖縄県名護市嘉陽,26.603581,127.962329
168,9051145,沖縄県名護市川上,26.603581,127.962329
169,9050026,沖縄県名護市喜瀬,26.603581,127.962329
170,9050024,沖縄県名護市許田,26.603581,127.962329
171,9052173,沖縄県名護市久志,26.603581,127.962329
172,9050013,沖縄県名護市城,26.587433,127.981774
173,9051141,沖縄県名護市源河,26.603581,127.962329
174,9050025,沖縄県名護市幸喜,26.603581,127.962329
175,9051154,沖縄県名護市呉我,26.603581,127.962329
176,9051156,沖縄県名護市古我知,26.603581,127.962329
177,9050023,沖縄県名護市数久田,26.603581,127.962329
178,9051635,沖縄県名護市済井出,26.603581,127.962329
179,9052266,沖縄県名護市瀬嵩,26.603581,127.962329
180,9051147,沖縄県名護市田井等,26.603581,127.962329
181,9052265,沖縄県名護市汀間,26.603581,127.962329
182,9052261,沖縄県名護市天仁屋,26.603581,127.962329
183,9052172,沖縄県名護市豊原,26.603581,127.962329
184,9051153,沖縄県名護市仲尾,26.603581,127.962329
185,9051144,沖縄県名護市仲尾次,26.603581,127.962329
186,9050004,沖縄県名護市中山,26.603581,127.962329
187,9050012,沖縄県名護市名護,26.603581,127.962329
188,9050005,沖縄県名護市為又,26.603581,127.962329
189,9052269,沖縄県名護市二見,26.603581,127.962329
190,9051151,沖縄県名護市振慶名,26.603581,127.962329
191,9052171,沖縄県名護市辺野古,26.603581,127.962329
192,9051143,沖縄県名護市真喜屋,26.603581,127.962329
193,9050014,沖縄県名護市港,26.590272,127.976052
194,9052264,沖縄県名護市三原,26.603581,127.962329
195,9050011,沖縄県名護市宮里,26.599199,127.968752
196,9051631,沖縄県名護市屋我,26.603581,127.962329
197,9050007,沖縄県名護市屋部,26.603581,127.962329
198,9050008,沖縄県名護市山入端,26.603581,127.962329
199,9050022,沖縄県名護市世冨慶,26.603581,127.962329
200,9051632,沖縄県名護市饒平名,26.603581,127.962329
201,9010300,沖縄県糸満市以下に掲載がない場合,26.087777,127.664681
202,9010301,沖縄県糸満市阿波根,26.087777,127.664681
203,9010323,沖縄県糸満市新垣,26.087777,127.664681
204,9010363,沖縄県糸満市伊敷,26.087777,127.664681
205,9010342,沖縄県糸満市糸洲,26.087777,127.664681
206,9010361,沖縄県糸満市糸満,26.087777,127.664681
207,9010344,沖縄県糸満市伊原,26.087777,127.664681
208,9010332,沖縄県糸満市宇江城,26.087777,127.664681
209,9010325,沖縄県糸満市大里,26.087777,127.664681
210,9010334,沖縄県糸満市大度,26.087777,127.664681
211,9010313,沖縄県糸満市賀数,26.087777,127.664681
212,9010303,沖縄県糸満市兼城,26.087777,127.664681
213,9010312,沖縄県糸満市北波平,26.087777,127.664681
214,9010354,沖縄県糸満市喜屋武,26.087777,127.664681
215,9010324,沖縄県糸満市国吉,26.087777,127.664681
216,9010341,沖縄県糸満市小波蔵,26.087777,127.664681
217,9010335,沖縄県糸満市米須,26.087777,127.664681
218,9010314,沖縄県糸満市座波,26.087777,127.664681
219,9010364,沖縄県糸満市潮崎町,26.116425,127.66348
220,9010302,沖縄県糸満市潮平,26.116425,127.66348
221,9010311,沖縄県糸満市武富,26.087777,127.664681
222,9010353,沖縄県糸満市束里,26.087777,127.664681
223,9010315,沖縄県糸満市照屋,26.087777,127.664681
224,9010321,沖縄県糸満市豊原,26.087777,127.664681
225,9010351,沖縄県糸満市名城,26.087777,127.664681
226,9010304,沖縄県糸満市西川町,26.136572,127.66835
227,9010305,沖縄県糸満市西崎,26.144745,127.654571
228,9010306,沖縄県糸満市西崎町,26.144745,127.654571
229,9010345,沖縄県糸満市福地,26.087777,127.664681
230,9010362,沖縄県糸満市真栄里,26.087777,127.664681
231,9010331,沖縄県糸満市真栄平,26.087777,127.664681
232,9010336,沖縄県糸満市真壁,26.087777,127.664681
233,9010333,沖縄県糸満市摩文仁,26.087777,127.664681
234,9010343,沖縄県糸満市南波平,26.087777,127.664681
235,9010352,沖縄県糸満市山城,26.087777,127.664681
236,9010322,沖縄県糸満市与座,26.087777,127.664681
237,9040000,沖縄県沖縄市以下に掲載がない場合,26.345421,127.82414
238,9042152,沖縄県沖縄市明道,26.355751,127.823232
239,9040012,沖縄県沖縄市安慶田,26.335499,127.812938
240,9042172,沖縄県沖縄市泡瀬,26.321293,127.837409
241,9042141,沖縄県沖縄市池原,26.386789,127.829579
242,9040031,沖縄県沖縄市上地,26.335864,127.793603
243,9042163,沖縄県沖縄市大里,26.328416,127.819997
244,9042162,沖縄県沖縄市海邦,26.329067,127.845471
245,9042162,沖縄県沖縄市海邦町,26.329067,127.845471
246,9040005,沖縄県沖縄市嘉間良,26.344849,127.805936
247,9040023,沖縄県沖縄市久保田,26.323729,127.797402
248,9042145,沖縄県沖縄市倉敷,26.345421,127.82414
249,9042161,沖縄県沖縄市古謝,26.338284,127.83074
250,9042166,沖縄県沖縄市古謝津嘉山町,26.342059,127.829495
251,9040001,沖縄県沖縄市越来,26.347336,127.809725
252,9040021,沖縄県沖縄市胡屋,26.336127,127.802168
253,9042175,沖縄県沖縄市潮乃森,26.302455,127.838136
254,9042144,沖縄県沖縄市白川,26.345421,127.82414
255,9040002,沖縄県沖縄市城前町,26.340571,127.813031
256,9040003,沖縄県沖縄市住吉,26.339623,127.806322
257,9040022,沖縄県沖縄市園田,26.330653,127.798234
258,9042171,沖縄県沖縄市高原,26.319955,127.824075
259,9042143,沖縄県沖縄市知花,26.358937,127.810896
260,9040004,沖縄県沖縄市中央,26.33708,127.799783
261,9040011,沖縄県沖縄市照屋,26.336986,127.815314
262,9042164,沖縄県沖縄市桃原,26.335263,127.824591
263,9040014,沖縄県沖縄市仲宗根町,26.334316,127.80404
264,9042142,沖縄県沖縄市登川,26.372521,127.823372
265,9042154,沖縄県沖縄市東,26.345421,127.82414
266,9042173,沖縄県沖縄市比屋根,26.312681,127.824931
267,9042151,沖縄県沖縄市松本,26.355237,127.807906
268,9042153,沖縄県沖縄市美里,26.351792,127.811095
269,9042156,沖縄県沖縄市美里仲原町,26.346538,127.827197
270,9040035,沖縄県沖縄市南桃原,26.319013,127.785207
271,9042155,沖縄県沖縄市美原,26.347721,127.821448
272,9042165,沖縄県沖縄市宮里,26.338031,127.81701
273,9040013,沖縄県沖縄市室川,26.334279,127.808472
274,9040032,沖縄県沖縄市諸見里,26.330705,127.792562
275,9040006,沖縄県沖縄市八重島,26.347803,127.806036
276,9040034,沖縄県沖縄市山内,26.32338,127.785852
277,9040033,沖縄県沖縄市山里,26.320404,127.788042
278,9042174,沖縄県沖縄市与儀,26.308425,127.81654
279,9010200,沖縄県豊見城市以下に掲載がない場合,26.16731,127.658747
280,9010232,沖縄県豊見城市伊良波,26.16731,127.658747
281,9010243,沖縄県豊見城市上田,26.16731,127.658747
282,9010223,沖縄県豊見城市翁長,26.16731,127.658747
283,9010202,沖縄県豊見城市嘉数,26.16731,127.658747
284,9010231,沖縄県豊見城市我那覇,26.16731,127.658747
285,9010204,沖縄県豊見城市金良,26.16731,127.658747
286,9010244,沖縄県豊見城市宜保,26.178144,127.679488
287,9010221,沖縄県豊見城市座安,26.16731,127.658747
288,9010233,沖縄県豊見城市瀬長,26.16731,127.658747
289,9010212,沖縄県豊見城市平良,26.16731,127.658747
290,9010213,沖縄県豊見城市高嶺,26.16731,127.658747
291,9010242,沖縄県豊見城市高安,26.16731,127.658747
292,9010234,沖縄県豊見城市田頭,26.16731,127.658747
293,9010215,沖縄県豊見城市渡嘉敷,26.16731,127.658747
294,9010222,沖縄県豊見城市渡橋名,26.16731,127.658747
295,9010241,沖縄県豊見城市豊見城,26.16731,127.658747
296,9010225,沖縄県豊見城市豊崎,26.16731,127.658747
297,9010235,沖縄県豊見城市名嘉地,26.16731,127.658747
298,9010203,沖縄県豊見城市長堂,26.16731,127.658747
299,9010205,沖縄県豊見城市根差部,26.16731,127.658747
300,9010211,沖縄県豊見城市饒波,26.16731,127.658747
301,9010214,沖縄県豊見城市保栄茂,26.16731,127.658747
302,9010201,沖縄県豊見城市真玉橋,26.16731,127.658747
303,9010224,沖縄県豊見城市与根,26.16731,127.658747
304,9042200,沖縄県うるま市以下に掲載がない場合,26.332998,127.877681
305,9042212,沖縄県うるま市赤野,26.332998,127.877681
306,9042245,沖縄県うるま市赤道,26.332998,127.877681
307,9042214,沖縄県うるま市安慶名,26.377266,127.850568
308,9041106,沖縄県うるま市石川,26.419623,127.828403
309,9041103,沖縄県うるま市石川赤崎,26.429392,127.840248
310,9041102,沖縄県うるま市石川東山,26.435839,127.830947
311,9041101,沖縄県うるま市石川東山本町,26.435839,127.830947
312,9041107,沖縄県うるま市石川曙,26.419623,127.828403
313,9041104,沖縄県うるま市石川石崎,26.426156,127.829321
314,9041115,沖縄県うるま市石川伊波,26.425597,127.811208
315,9041114,沖縄県うるま市石川嘉手苅,26.422076,127.807505
316,9041105,沖縄県うるま市石川白浜,26.429433,127.828765
317,9041112,沖縄県うるま市石川楚南,26.400536,127.812352
318,9041111,沖縄県うるま市石川東恩納,26.416703,127.837423
319,9041108,沖縄県うるま市石川東恩納崎,26.416703,127.837423
320,9041113,沖縄県うるま市石川山城,26.412997,127.80416
321,9042204,沖縄県うるま市西原,26.332998,127.877681
322,9042222,沖縄県うるま市上江洲,26.332998,127.877681
323,9042211,沖縄県うるま市宇堅,26.332998,127.877681
324,9042244,沖縄県うるま市江洲,26.332998,127.877681
325,9042205,沖縄県うるま市栄野比,26.332998,127.877681
326,9042224,沖縄県うるま市大田,26.332998,127.877681
327,9042313,沖縄県うるま市勝連内間,26.314422,127.900807
328,9042317,沖縄県うるま市勝連津堅,26.252115,127.942203
329,9042311,沖縄県うるま市勝連南風原,26.332998,127.877681
330,9042315,沖縄県うるま市勝連浜,26.320984,127.953648
331,9042316,沖縄県うるま市勝連比嘉,26.318333,127.959749
332,9042314,沖縄県うるま市勝連平敷屋,26.304394,127.912465
333,9042312,沖縄県うるま市勝連平安名,26.316901,127.892694
334,9042241,沖縄県うるま市兼箇段,26.332998,127.877681
335,9042203,沖縄県うるま市川崎,26.332998,127.877681
336,9042232,沖縄県うるま市川田,26.332998,127.877681
337,9042236,沖縄県うるま市喜仲,26.356447,127.843497
338,9042225,沖縄県うるま市喜屋武,26.356447,127.843497
339,9042223,沖縄県うるま市具志川,26.332998,127.877681
340,9042201,沖縄県うるま市昆布,26.332998,127.877681
341,9042231,沖縄県うるま市塩屋,26.332998,127.877681
342,9042234,沖縄県うるま市州崎,26.332998,127.877681
343,9042221,沖縄県うるま市平良川,26.332998,127.877681
344,9042242,沖縄県うるま市高江洲,26.332998,127.877681
345,9042213,沖縄県うるま市田場,26.332998,127.877681
346,9042202,沖縄県うるま市天願,26.332998,127.877681
347,9042233,沖縄県うるま市豊原,26.332998,127.877681
348,9042226,沖縄県うるま市仲嶺,26.332998,127.877681
349,9042235,沖縄県うるま市前原,26.332998,127.877681
350,9042215,沖縄県うるま市みどり町,26.375507,127.859198
351,9042243,沖縄県うるま市宮里,26.332998,127.877681
352,9042303,沖縄県うるま市与那城,26.391472,127.995315
353,9042306,沖縄県うるま市与那城安勢理,26.315775,127.905527
354,9042421,沖縄県うるま市与那城伊計,26.391472,127.995315
355,9042422,沖縄県うるま市与那城池味,26.378646,127.986301
356,9042424,沖縄県うるま市与那城上原,26.370738,127.977716
357,9042305,沖縄県うるま市与那城中央,26.3292,127.90566
358,9042301,沖縄県うるま市与那城照間,26.338803,127.886642
359,9042425,沖縄県うるま市与那城桃原,26.358455,127.976222
360,9042302,沖縄県うるま市与那城西原,26.330432,127.886667
361,9042307,沖縄県うるま市与那城饒辺,26.314093,127.913397
362,9042428,沖縄県うるま市与那城平宮,26.353754,127.966947
363,9042426,沖縄県うるま市与那城平安座,26.349798,127.95429
364,9042423,沖縄県うるま市与那城宮城,26.367086,127.989363
365,9042304,沖縄県うるま市与那城屋慶名,26.324285,127.905662
366,9042427,沖縄県うるま市与那城屋平,26.331746,127.929245
367,9060000,沖縄県宮古島市以下に掲載がない場合,24.756914,125.384528
368,9060502,沖縄県宮古島市伊良部池間添,24.835268,125.186042
369,9060503,沖縄県宮古島市伊良部伊良部,24.835268,125.186042
370,9060505,沖縄県宮古島市伊良部国仲,24.835268,125.186042
371,9060507,沖縄県宮古島市伊良部佐和田,24.835268,125.186042
372,9060504,沖縄県宮古島市伊良部仲地,24.835268,125.186042
373,9060506,沖縄県宮古島市伊良部長浜,24.835268,125.186042
374,9060501,沖縄県宮古島市伊良部前里添,24.835268,125.186042
375,9060204,沖縄県宮古島市上野上野,24.74167,125.327333
376,9060202,沖縄県宮古島市上野新里,24.74167,125.327333
377,9060201,沖縄県宮古島市上野野原,24.74167,125.327333
378,9060203,沖縄県宮古島市上野宮国,24.74167,125.327333
379,9060102,沖縄県宮古島市城辺新城,24.756914,125.384528
380,9060108,沖縄県宮古島市城辺砂川,24.756914,125.384528
381,9060109,沖縄県宮古島市城辺下里添,24.756914,125.384528
382,9060107,沖縄県宮古島市城辺友利,24.756914,125.384528
383,9060105,沖縄県宮古島市城辺長間,24.756914,125.384528
384,9060106,沖縄県宮古島市城辺西里添,24.756914,125.384528
385,9060104,沖縄県宮古島市城辺比嘉,24.756914,125.384528
386,9060103,沖縄県宮古島市城辺福里,24.756914,125.384528
387,9060101,沖縄県宮古島市城辺保良,24.756914,125.384528
388,9060304,沖縄県宮古島市下地上地,24.744713,125.280446
389,9060302,沖縄県宮古島市下地嘉手苅,24.744713,125.280446
390,9060301,沖縄県宮古島市下地川満,24.744713,125.280446
391,9060306,沖縄県宮古島市下地来間,24.744713,125.280446
392,9060303,沖縄県宮古島市下地洲鎌,24.744713,125.280446
393,9060305,沖縄県宮古島市下地与那覇,24.744713,125.280446
394,9060421,沖縄県宮古島市平良池間,24.842422,125.30218
395,9060004,沖縄県宮古島市平良大浦,24.842422,125.30218
396,9060001,沖縄県宮古島市平良大神,24.842422,125.30218
397,9060002,沖縄県宮古島市平良狩俣,24.842422,125.30218
398,9060015,沖縄県宮古島市平良久貝,24.842422,125.30218
399,9060003,沖縄県宮古島市平良島尻,24.842422,125.30218
400,9060013,沖縄県宮古島市平良下里,24.842422,125.30218
401,9060008,沖縄県宮古島市平良荷川取,24.842422,125.30218
402,9060012,沖縄県宮古島市平良西里,24.842422,125.30218
403,9060006,沖縄県宮古島市平良西仲宗根,24.842422,125.30218
404,9060005,沖縄県宮古島市平良西原,24.842422,125.30218
405,9060007,沖縄県宮古島市平良東仲宗根,24.842422,125.30218
406,9060011,沖縄県宮古島市平良東仲宗根添,24.842422,125.30218
407,9060422,沖縄県宮古島市平良前里,24.842422,125.30218
408,9060014,沖縄県宮古島市平良松原,24.842422,125.30218
409,9011400,沖縄県南城市以下に掲載がない場合,26.160656,127.791972
410,9011204,沖縄県南城市大里稲嶺,26.193869,127.755639
411,9011202,沖縄県南城市大里大里,26.193869,127.755639
412,9011203,沖縄県南城市大里大城,26.193869,127.755639
413,9011208,沖縄県南城市大里平良,26.193869,127.755639
414,9011205,沖縄県南城市大里高平,26.193869,127.755639
415,9011206,沖縄県南城市大里仲間,26.193869,127.755639
416,9011207,沖縄県南城市大里古堅,26.193869,127.755639
417,9011201,沖縄県南城市大里嶺井,26.193869,127.755639
418,9011401,沖縄県南城市佐敷伊原,26.174838,127.794127
419,9011413,沖縄県南城市佐敷小谷,26.174838,127.794127
420,9011411,沖縄県南城市佐敷兼久,26.174838,127.794127
421,9011403,沖縄県南城市佐敷佐敷,26.174838,127.794127
422,9011415,沖縄県南城市佐敷新開,26.174838,127.794127
423,9011412,沖縄県南城市佐敷新里,26.174838,127.794127
424,9011414,沖縄県南城市佐敷津波古,26.174838,127.794127
425,9011402,沖縄県南城市佐敷手登根,26.174838,127.794127
426,9011405,沖縄県南城市佐敷仲伊保,26.174838,127.794127
427,9011404,沖縄県南城市佐敷冨祖崎,26.174838,127.794127
428,9011406,沖縄県南城市佐敷屋比久,26.174838,127.794127
429,9010617,沖縄県南城市玉城愛地,26.14009,127.762124
430,9010606,沖縄県南城市玉城糸数,26.14009,127.762124
431,9010614,沖縄県南城市玉城奥武,26.14009,127.762124
432,9010608,沖縄県南城市玉城親慶原,26.14009,127.762124
433,9010601,沖縄県南城市玉城垣花,26.14009,127.762124
434,9010607,沖縄県南城市玉城喜良原,26.14009,127.762124
435,9010613,沖縄県南城市玉城志堅原,26.14009,127.762124
436,9010604,沖縄県南城市玉城玉城,26.14009,127.762124
437,9010612,沖縄県南城市玉城當山,26.14009,127.762124
438,9010605,沖縄県南城市玉城中山,26.14009,127.762124
439,9010602,沖縄県南城市玉城仲村渠,26.14009,127.762124
440,9010603,沖縄県南城市玉城百名,26.14009,127.762124
441,9010611,沖縄県南城市玉城富里,26.14009,127.762124
442,9010618,沖縄県南城市玉城船越,26.14009,127.762124
443,9010615,沖縄県南城市玉城堀川,26.14009,127.762124
444,9010616,沖縄県南城市玉城前川,26.14009,127.762124
445,9010619,沖縄県南城市玉城屋嘉部,26.14009,127.762124
446,9011502,沖縄県南城市知念安座真,26.145407,127.809305
447,9011504,沖縄県南城市知念海野,26.145407,127.809305
448,9011514,沖縄県南城市知念具志堅,26.145407,127.809305
449,9011501,沖縄県南城市知念久高,26.145407,127.809305
450,9011511,沖縄県南城市知念久手堅,26.145407,127.809305
451,9011505,沖縄県南城市知念久原,26.145407,127.809305
452,9011516,沖縄県南城市知念志喜屋,26.145407,127.809305
453,9011503,沖縄県南城市知念知名,26.145407,127.809305
454,9011513,沖縄県南城市知念知念,26.145407,127.809305
455,9011515,沖縄県南城市知念山里,26.145407,127.809305
456,9011512,沖縄県南城市知念吉富,26.145407,127.809305
457,9011407,沖縄県南城市つきしろ,26.160656,127.791972
458,9051400,沖縄県国頭郡国頭村以下に掲載がない場合,26.709047,128.264275
459,9051503,沖縄県国頭郡国頭村安田,26.709047,128.264275
460,9051504,沖縄県国頭郡国頭村安波,26.709047,128.264275
461,9051428,沖縄県国頭郡国頭村伊地,26.709047,128.264275
462,9051423,沖縄県国頭郡国頭村宇嘉,26.709047,128.264275
463,9051429,沖縄県国頭郡国頭村宇良,26.709047,128.264275
464,9051501,沖縄県国頭郡国頭村奥,26.709047,128.264275
465,9051412,沖縄県国頭郡国頭村奥間,26.709047,128.264275
466,9051416,沖縄県国頭郡国頭村鏡地,26.709047,128.264275
467,9051422,沖縄県国頭郡国頭村宜名真,26.709047,128.264275
468,9051425,沖縄県国頭郡国頭村佐手,26.709047,128.264275
469,9051426,沖縄県国頭郡国頭村謝敷,26.709047,128.264275
470,9051502,沖縄県国頭郡国頭村楚洲,26.709047,128.264275
471,9051417,沖縄県国頭郡国頭村桃原,26.709047,128.264275
472,9051415,沖縄県国頭郡国頭村浜,26.709047,128.264275
473,9051414,沖縄県国頭郡国頭村半地,26.709047,128.264275
474,9051413,沖縄県国頭郡国頭村比地,26.709047,128.264275
475,9051421,沖縄県国頭郡国頭村辺戸,26.709047,128.264275
476,9051424,沖縄県国頭郡国頭村辺野喜,26.709047,128.264275
477,9051411,沖縄県国頭郡国頭村辺土名,26.709047,128.264275
478,9051427,沖縄県国頭郡国頭村与那,26.709047,128.264275
479,9051300,沖縄県国頭郡大宜味村以下に掲載がない場合,26.649028,128.115483
480,9051308,沖縄県国頭郡大宜味村上原,26.649028,128.115483
481,9051317,沖縄県国頭郡大宜味村江洲,26.649028,128.115483
482,9051305,沖縄県国頭郡大宜味村大兼久,26.649028,128.115483
483,9051306,沖縄県国頭郡大宜味村大宜味,26.649028,128.115483
484,9051313,沖縄県国頭郡大宜味村押川,26.649028,128.115483
485,9051303,沖縄県国頭郡大宜味村喜如嘉,26.649028,128.115483
486,9051311,沖縄県国頭郡大宜味村塩屋,26.649028,128.115483
487,9051302,沖縄県国頭郡大宜味村謝名城,26.649028,128.115483
488,9051316,沖縄県国頭郡大宜味村白浜,26.649028,128.115483
489,9051315,沖縄県国頭郡大宜味村大保,26.649028,128.115483
490,9051301,沖縄県国頭郡大宜味村田嘉里,26.649028,128.115483
491,9051314,沖縄県国頭郡大宜味村田港,26.649028,128.115483
492,9051318,沖縄県国頭郡大宜味村津波,26.649028,128.115483
493,9051304,沖縄県国頭郡大宜味村饒波,26.649028,128.115483
494,9051307,沖縄県国頭郡大宜味村根路銘,26.649028,128.115483
495,9051319,沖縄県国頭郡大宜味村宮城,26.649028,128.115483
496,9051312,沖縄県国頭郡大宜味村屋古,26.649028,128.115483
497,9051200,沖縄県国頭郡東村以下に掲載がない場合,26.663118,128.250274
498,9051206,沖縄県国頭郡東村有銘,26.663118,128.250274
499,9051203,沖縄県国頭郡東村川田,26.663118,128.250274
500,9051205,沖縄県国頭郡東村慶佐次,26.663118,128.250274
501,9051204,沖縄県国頭郡東村平良,26.663118,128.250274
502,9051201,沖縄県国頭郡東村高江,26.663118,128.250274
503,9051202,沖縄県国頭郡東村宮城,26.663118,128.250274
504,9050400,沖縄県国頭郡今帰仁村以下に掲載がない場合,26.687458,127.999249
505,9050411,沖縄県国頭郡今帰仁村天底,26.687458,127.999249
506,9050428,沖縄県国頭郡今帰仁村今泊,26.687458,127.999249
507,9050403,沖縄県国頭郡今帰仁村運天,26.687458,127.999249
508,9050427,沖縄県国頭郡今帰仁村兼次,26.687458,127.999249
509,9050404,沖縄県国頭郡今帰仁村上運天,26.687458,127.999249
510,9050406,沖縄県国頭郡今帰仁村古宇利,26.687458,127.999249
511,9050421,沖縄県国頭郡今帰仁村越地,26.687458,127.999249
512,9050413,沖縄県国頭郡今帰仁村呉我山,26.687458,127.999249
513,9050422,沖縄県国頭郡今帰仁村崎山,26.687458,127.999249
514,9050414,沖縄県国頭郡今帰仁村謝名,26.687458,127.999249
515,9050426,沖縄県国頭郡今帰仁村諸志,26.687458,127.999249
516,9050405,沖縄県国頭郡今帰仁村勢理客,26.687458,127.999249
517,9050415,沖縄県国頭郡今帰仁村玉城,26.687458,127.999249
518,9050402,沖縄県国頭郡今帰仁村渡喜仁,26.687458,127.999249
519,9050424,沖縄県国頭郡今帰仁村仲尾次,26.687458,127.999249
520,9050401,沖縄県国頭郡今帰仁村仲宗根,26.687458,127.999249
521,9050423,沖縄県国頭郡今帰仁村平敷,26.687458,127.999249
522,9050425,沖縄県国頭郡今帰仁村与那嶺,26.687458,127.999249
523,9050412,沖縄県国頭郡今帰仁村湧川,26.687458,127.999249
524,9050200,沖縄県国頭郡本部町以下に掲載がない場合,26.641602,127.864071
525,9050206,沖縄県国頭郡本部町石川,26.641602,127.864071
526,9050221,沖縄県国頭郡本部町伊豆味,26.641602,127.864071
527,9050228,沖縄県国頭郡本部町伊野波,26.641602,127.864071
528,9050229,沖縄県国頭郡本部町大堂,26.641602,127.864071
529,9050217,沖縄県国頭郡本部町浦崎,26.641602,127.864071
530,9050223,沖縄県国頭郡本部町大嘉陽,26.641602,127.864071
531,9050212,沖縄県国頭郡本部町大浜,26.641602,127.864071
532,9050202,沖縄県国頭郡本部町嘉津宇,26.641602,127.864071
533,9050209,沖縄県国頭郡本部町北里,26.641602,127.864071
534,9050201,沖縄県国頭郡本部町具志堅,26.641602,127.864071
535,9050226,沖縄県国頭郡本部町健堅,26.641602,127.864071
536,9050225,沖縄県国頭郡本部町崎本部,26.641602,127.864071
537,9050203,沖縄県国頭郡本部町謝花,26.641602,127.864071
538,9050208,沖縄県国頭郡本部町新里,26.641602,127.864071
539,9050227,沖縄県国頭郡本部町瀬底,26.641602,127.864071
540,9050213,沖縄県国頭郡本部町谷茶,26.641602,127.864071
541,9050214,沖縄県国頭郡本部町渡久地,26.641602,127.864071
542,9050204,沖縄県国頭郡本部町豊原,26.641602,127.864071
543,9050222,沖縄県国頭郡本部町並里,26.641602,127.864071
544,9050215,沖縄県国頭郡本部町野原,26.641602,127.864071
545,9050216,沖縄県国頭郡本部町浜元,26.641602,127.864071
546,9050211,沖縄県国頭郡本部町東,26.641602,127.864071
547,9050207,沖縄県国頭郡本部町備瀬,26.641602,127.864071
548,9050218,沖縄県国頭郡本部町古島,26.641602,127.864071
549,9050224,沖縄県国頭郡本部町辺名地,26.641602,127.864071
550,9050205,沖縄県国頭郡本部町山川,26.641602,127.864071
551,9050219,沖縄県国頭郡本部町山里,26.641602,127.864071
552,9040400,沖縄県国頭郡恩納村以下に掲載がない場合,26.430632,127.762751
553,9040402,沖縄県国頭郡恩納村安富祖,26.430632,127.762751
554,9040411,沖縄県国頭郡恩納村恩納,26.430632,127.762751
555,9040403,沖縄県国頭郡恩納村喜瀬武原,26.430632,127.762751
556,9040404,沖縄県国頭郡恩納村瀬良垣,26.430632,127.762751
557,9040412,沖縄県国頭郡恩納村谷茶,26.430632,127.762751
558,9040415,沖縄県国頭郡恩納村仲泊,26.430632,127.762751
559,9040401,沖縄県国頭郡恩納村名嘉真,26.430632,127.762751
560,9040413,沖縄県国頭郡恩納村冨着,26.430632,127.762751
561,9040414,沖縄県国頭郡恩納村前兼久,26.430632,127.762751
562,9040417,沖縄県国頭郡恩納村真栄田,26.430632,127.762751
563,9040416,沖縄県国頭郡恩納村山田,26.430632,127.762751
564,9041300,沖縄県国頭郡宜野座村以下に掲載がない場合,26.504901,127.984398
565,9041304,沖縄県国頭郡宜野座村漢那,26.504901,127.984398
566,9041302,沖縄県国頭郡宜野座村宜野座,26.504901,127.984398
567,9041303,沖縄県国頭郡宜野座村惣慶,26.504901,127.984398
568,9041301,沖縄県国頭郡宜野座村松田,26.504901,127.984398
569,9041200,沖縄県国頭郡金武町以下に掲載がない場合,26.464591,127.883299
570,9041202,沖縄県国頭郡金武町伊芸,26.464591,127.883299
571,9041201,沖縄県国頭郡金武町金武,26.464591,127.883299
572,9041203,沖縄県国頭郡金武町屋嘉,26.464591,127.883299
573,9050500,沖縄県国頭郡伊江村以下に掲載がない場合,26.709901,127.770723
574,9050503,沖縄県国頭郡伊江村川平,26.709901,127.770723
575,9050505,沖縄県国頭郡伊江村西江上,26.709901,127.770723
576,9050504,沖縄県国頭郡伊江村西江前,26.709901,127.770723
577,9050501,沖縄県国頭郡伊江村東江上,26.709901,127.770723
578,9050502,沖縄県国頭郡伊江村東江前,26.709901,127.770723
579,9040300,沖縄県中頭郡読谷村以下に掲載がない場合,26.374691,127.747119
580,9040303,沖縄県中頭郡読谷村伊良皆,26.374691,127.747119
581,9040321,沖縄県中頭郡読谷村上地,26.374691,127.747119
582,9040328,沖縄県中頭郡読谷村宇座,26.374691,127.747119
583,9040316,沖縄県中頭郡読谷村大木,26.374691,127.747119
584,9040313,沖縄県中頭郡読谷村大湾,26.374691,127.747119
585,9040302,沖縄県中頭郡読谷村喜名,26.374691,127.747119
586,9040327,沖縄県中頭郡読谷村儀間,26.374691,127.747119
587,9040301,沖縄県中頭郡読谷村座喜味,26.374691,127.747119
588,9040325,沖縄県中頭郡読谷村瀬名波,26.374691,127.747119
589,9040304,沖縄県中頭郡読谷村楚辺,26.374691,127.747119
590,9040323,沖縄県中頭郡読谷村高志保,26.374691,127.747119
591,9040315,沖縄県中頭郡読谷村渡具知,26.374691,127.747119
592,9040326,沖縄県中頭郡読谷村渡慶次,26.374691,127.747119
593,9040305,沖縄県中頭郡読谷村都屋,26.374691,127.747119
594,9040324,沖縄県中頭郡読谷村長浜,26.374691,127.747119
595,9040322,沖縄県中頭郡読谷村波平,26.374691,127.747119
596,9040311,沖縄県中頭郡読谷村比謝,26.374691,127.747119
597,9040312,沖縄県中頭郡読谷村比謝矼,26.374691,127.747119
598,9040314,沖縄県中頭郡読谷村古堅,26.374691,127.747119
599,9040200,沖縄県中頭郡嘉手納町以下に掲載がない場合,26.365072,127.763168
600,9040203,沖縄県中頭郡嘉手納町嘉手納,26.365072,127.763168
601,9040205,沖縄県中頭郡嘉手納町兼久,26.365072,127.763168
602,9040201,沖縄県中頭郡嘉手納町久得,26.365072,127.763168
603,9040204,沖縄県中頭郡嘉手納町水釜,26.357118,127.741499
604,9040202,沖縄県中頭郡嘉手納町屋良,26.365072,127.763168
605,9040100,沖縄県中頭郡北谷町以下に掲載がない場合,26.303823,127.768369
606,9040102,沖縄県中頭郡北谷町伊平,26.303823,127.768369
607,9040107,沖縄県中頭郡北谷町大村,26.303823,127.768369
608,9040101,沖縄県中頭郡北谷町上勢頭,26.303823,127.768369
609,9040117,沖縄県中頭郡北谷町北前,26.299474,127.759463
610,9040103,沖縄県中頭郡北谷町桑江,26.303823,127.768369
611,9040111,沖縄県中頭郡北谷町砂辺,26.303823,127.768369
612,9040106,沖縄県中頭郡北谷町玉上,26.303823,127.768369
613,9040116,沖縄県中頭郡北谷町北谷,26.303898,127.760291
614,9040104,沖縄県中頭郡北谷町桃原,26.303823,127.768369
615,9040112,沖縄県中頭郡北谷町浜川,26.303823,127.768369
616,9040114,沖縄県中頭郡北谷町港,26.303823,127.768369
617,9040115,沖縄県中頭郡北谷町美浜,26.31691,127.759308
618,9040113,沖縄県中頭郡北谷町宮城,26.303823,127.768369
619,9040105,沖縄県中頭郡北谷町吉原,26.303823,127.768369
620,9012300,沖縄県中頭郡北中城村以下に掲載がない場合,26.31292,127.789516
621,9012316,沖縄県中頭郡北中城村安谷屋,26.31292,127.789516
622,9012313,沖縄県中頭郡北中城村熱田,26.31292,127.789516
623,9012314,沖縄県中頭郡北中城村大城,26.31292,127.789516
624,9012315,沖縄県中頭郡北中城村荻道,26.31292,127.789516
625,9012311,沖縄県中頭郡北中城村喜舎場,26.31292,127.789516
626,9012301,沖縄県中頭郡北中城村島袋,26.31292,127.789516
627,9012317,沖縄県中頭郡北中城村瑞慶覧,26.31292,127.789516
628,9012303,沖縄県中頭郡北中城村仲順,26.31292,127.789516
629,9012302,沖縄県中頭郡北中城村渡口,26.31292,127.789516
630,9012305,沖縄県中頭郡北中城村比嘉,26.31292,127.789516
631,9012321,沖縄県中頭郡北中城村美崎,26.31292,127.789516
632,9012304,沖縄県中頭郡北中城村屋宜原,26.31292,127.789516
633,9012306,沖縄県中頭郡北中城村ライカム,26.31292,127.789516
634,9012312,沖縄県中頭郡北中城村和仁屋,26.31292,127.789516
635,9012400,沖縄県中頭郡中城村以下に掲載がない場合,26.256153,127.784369
636,9012407,沖縄県中頭郡中城村安里,26.256153,127.784369
637,9012422,沖縄県中頭郡中城村新垣,26.256153,127.784369
638,9012403,沖縄県中頭郡中城村伊舎堂,26.256153,127.784369
639,9012417,沖縄県中頭郡中城村伊集,26.256153,127.784369
640,9012412,沖縄県中頭郡中城村奥間,26.256153,127.784369
641,9012423,沖縄県中頭郡中城村北上原,26.256153,127.784369
642,9012414,沖縄県中頭郡中城村北浜,26.256153,127.784369
643,9012401,沖縄県中頭郡中城村久場,26.256153,127.784369
644,9012404,沖縄県中頭郡中城村添石,26.256153,127.784369
645,9012413,沖縄県中頭郡中城村津覇,26.256153,127.784369
646,9012406,沖縄県中頭郡中城村当間,26.256153,127.784369
647,9012402,沖縄県中頭郡中城村泊,26.256153,127.784369
648,9012421,沖縄県中頭郡中城村登又,26.256153,127.784369
649,9012411,沖縄県中頭郡中城村浜,26.256153,127.784369
650,9012424,沖縄県中頭郡中城村南上原,26.256153,127.784369
651,9012415,沖縄県中頭郡中城村南浜,26.256153,127.784369
652,9012405,沖縄県中頭郡中城村屋宜,26.256153,127.784369
653,9012416,沖縄県中頭郡中城村和宇慶,26.256153,127.784369
654,9030100,沖縄県中頭郡西原町以下に掲載がない場合,26.231912,127.743071
655,9030105,沖縄県中頭郡西原町東崎,26.231912,127.743071
656,9030113,沖縄県中頭郡西原町安室,26.231912,127.743071
657,9030115,沖縄県中頭郡西原町池田,26.231912,127.743071
658,9030125,沖縄県中頭郡西原町上原,26.241069,127.762133
659,9030121,沖縄県中頭郡西原町内間,26.231912,127.743071
660,9030117,沖縄県中頭郡西原町翁長,26.231912,127.743071
661,9030103,沖縄県中頭郡西原町小那覇,26.231912,127.743071
662,9030101,沖縄県中頭郡西原町掛保久,26.231912,127.743071
663,9030112,沖縄県中頭郡西原町我謝,26.231912,127.743071
664,9030102,沖縄県中頭郡西原町嘉手苅,26.231912,127.743071
665,9030104,沖縄県中頭郡西原町兼久,26.231912,127.743071
666,9030116,沖縄県中頭郡西原町幸地,26.231912,127.743071
667,9030122,沖縄県中頭郡西原町小橋川,26.231912,127.743071
668,9030118,沖縄県中頭郡西原町小波津,26.231912,127.743071
669,9030124,沖縄県中頭郡西原町呉屋,26.231912,127.743071
670,9030129,沖縄県中頭郡西原町千原,26.231912,127.743071
671,9030126,沖縄県中頭郡西原町棚原,26.242601,127.755364
672,9030123,沖縄県中頭郡西原町津花波,26.231912,127.743071
673,9030114,沖縄県中頭郡西原町桃原,26.231912,127.743071
674,9030127,沖縄県中頭郡西原町徳佐田,26.231912,127.743071
675,9030128,沖縄県中頭郡西原町森川,26.231912,127.743071
676,9030111,沖縄県中頭郡西原町与那城,26.231912,127.743071
677,9011300,沖縄県島尻郡与那原町以下に掲載がない場合,26.204724,127.751229
678,9011304,沖縄県島尻郡与那原町東浜,26.204724,127.751229
679,9011301,沖縄県島尻郡与那原町板良敷,26.204724,127.751229
680,9011302,沖縄県島尻郡与那原町上与那原,26.204724,127.751229
681,9011303,沖縄県島尻郡与那原町与那原,26.204724,127.751229
682,9011100,沖縄県島尻郡南風原町以下に掲載がない場合,26.174519,127.730075
683,9011105,沖縄県島尻郡南風原町新川,26.174519,127.730075
684,9011101,沖縄県島尻郡南風原町大名,26.174519,127.730075
685,9011111,沖縄県島尻郡南風原町兼城,26.174519,127.730075
686,9011114,沖縄県島尻郡南風原町神里,26.174519,127.730075
687,9011113,沖縄県島尻郡南風原町喜屋武,26.174519,127.730075
688,9011117,沖縄県島尻郡南風原町津嘉山,26.174519,127.730075
689,9011116,沖縄県島尻郡南風原町照屋,26.174519,127.730075
690,9011102,沖縄県島尻郡南風原町宮城,26.174519,127.730075
691,9011104,沖縄県島尻郡南風原町宮平,26.174519,127.730075
692,9011112,沖縄県島尻郡南風原町本部,26.174519,127.730075
693,9011115,沖縄県島尻郡南風原町山川,26.174519,127.730075
694,9011103,沖縄県島尻郡南風原町与那覇,26.174519,127.730075
695,9013500,沖縄県島尻郡渡嘉敷村以下に掲載がない場合,26.204298,127.361284
696,9013502,沖縄県島尻郡渡嘉敷村阿波連,26.204298,127.361284
697,9013501,沖縄県島尻郡渡嘉敷村渡嘉敷,26.204298,127.361284
698,9013400,沖縄県島尻郡座間味村以下に掲載がない場合,26.199931,127.277528
699,9013311,沖縄県島尻郡座間味村阿嘉,26.199931,127.277528
700,9013401,沖縄県島尻郡座間味村阿佐,26.199931,127.277528
701,9013403,沖縄県島尻郡座間味村阿真,26.199931,127.277528
702,9013312,沖縄県島尻郡座間味村慶留間,26.199931,127.277528
703,9013402,沖縄県島尻郡座間味村座間味,26.199931,127.277528
704,9013700,沖縄県島尻郡粟国村以下に掲載がない場合,26.586506,127.243133
705,9013703,沖縄県島尻郡粟国村西,26.586506,127.243133
706,9013701,沖縄県島尻郡粟国村浜,26.586506,127.243133
707,9013702,沖縄県島尻郡粟国村東,26.586506,127.243133
708,9013601,沖縄県島尻郡渡名喜村渡名喜村一円,26.380755,127.148383
709,9013800,沖縄県島尻郡南大東村以下に掲載がない場合,25.836353,131.253281
710,9013806,沖縄県島尻郡南大東村池之沢,25.836353,131.253281
711,9013801,沖縄県島尻郡南大東村北,25.836353,131.253281
712,9013803,沖縄県島尻郡南大東村旧東,25.836353,131.253281
713,9013805,沖縄県島尻郡南大東村在所,25.836353,131.253281
714,9013802,沖縄県島尻郡南大東村新東,25.836353,131.253281
715,9013804,沖縄県島尻郡南大東村南,25.836353,131.253281
716,9013900,沖縄県島尻郡北大東村以下に掲載がない場合,24.466789,131.188692
717,9013902,沖縄県島尻郡北大東村中野,24.466789,131.188692
718,9013903,沖縄県島尻郡北大東村港,24.466789,131.188692
719,9013901,沖縄県島尻郡北大東村南,24.466789,131.188692
720,9050700,沖縄県島尻郡伊平屋村以下に掲載がない場合,27.068049,127.98759
721,9050703,沖縄県島尻郡伊平屋村我喜屋,27.068049,127.98759
722,9050704,沖縄県島尻郡伊平屋村島尻,27.068049,127.98759
723,9050701,沖縄県島尻郡伊平屋村田名,27.068049,127.98759
724,9050705,沖縄県島尻郡伊平屋村野甫,27.068049,127.98759
725,9050702,沖縄県島尻郡伊平屋村前泊,27.068049,127.98759
726,9050600,沖縄県島尻郡伊是名村以下に掲載がない場合,26.925141,127.946139
727,9050604,沖縄県島尻郡伊是名村伊是名,26.925141,127.946139
728,9050601,沖縄県島尻郡伊是名村内花,26.925141,127.946139
729,9050602,沖縄県島尻郡伊是名村諸見,26.925141,127.946139
730,9050605,沖縄県島尻郡伊是名村勢理客,26.925141,127.946139
731,9050603,沖縄県島尻郡伊是名村仲田,26.925141,127.946139
732,9013100,沖縄県島尻郡久米島町以下に掲載がない場合,26.347359,126.76973
733,9013103,沖縄県島尻郡久米島町阿嘉,26.347359,126.76973
734,9013101,沖縄県島尻郡久米島町宇江城,26.347359,126.76973
735,9013138,沖縄県島尻郡久米島町上江洲,26.347359,126.76973
736,9013105,沖縄県島尻郡久米島町宇根,26.347359,126.76973
737,9013106,沖縄県島尻郡久米島町奥武,26.347359,126.76973
738,9013123,沖縄県島尻郡久米島町大田,26.347359,126.76973
739,9013132,沖縄県島尻郡久米島町大原,26.347359,126.76973
740,9013121,沖縄県島尻郡久米島町嘉手苅,26.347359,126.76973
741,9013122,沖縄県島尻郡久米島町兼城,26.347359,126.76973
742,9013133,沖縄県島尻郡久米島町北原,26.347359,126.76973
743,9013115,沖縄県島尻郡久米島町儀間,26.347359,126.76973
744,9013134,沖縄県島尻郡久米島町具志川,26.347359,126.76973
745,9013114,沖縄県島尻郡久米島町島尻,26.347359,126.76973
746,9013107,沖縄県島尻郡久米島町謝名堂,26.347359,126.76973
747,9013113,沖縄県島尻郡久米島町銭田,26.347359,126.76973
748,9013125,沖縄県島尻郡久米島町鳥島,26.347359,126.76973
749,9013136,沖縄県島尻郡久米島町仲地,26.347359,126.76973
750,9013124,沖縄県島尻郡久米島町仲泊,26.347359,126.76973
751,9013135,沖縄県島尻郡久米島町仲村渠,26.347359,126.76973
752,9013131,沖縄県島尻郡久米島町西銘,26.347359,126.76973
753,9013108,沖縄県島尻郡久米島町比嘉,26.347359,126.76973
754,9013102,沖縄県島尻郡久米島町比屋定,26.347359,126.76973
755,9013112,沖縄県島尻郡久米島町真我里,26.347359,126.76973
756,9013104,沖縄県島尻郡久米島町真謝,26.347359,126.76973
757,9013111,沖縄県島尻郡久米島町山城,26.347359,126.76973
758,9013137,沖縄県島尻郡久米島町山里,26.347359,126.76973
759,9010400,沖縄県島尻郡八重瀬町以下に掲載がない場合,26.125995,127.747182
760,9010514,沖縄県島尻郡八重瀬町安里,26.125995,127.747182
761,9010503,沖縄県島尻郡八重瀬町新城,26.125995,127.747182
762,9010405,沖縄県島尻郡八重瀬町伊覇,26.125995,127.747182
763,9010412,沖縄県島尻郡八重瀬町上田原,26.125995,127.747182
764,9010502,沖縄県島尻郡八重瀬町大頓,26.125995,127.747182
765,9010416,沖縄県島尻郡八重瀬町宜次,26.125995,127.747182
766,9010512,沖縄県島尻郡八重瀬町具志頭,26.125995,127.747182
767,9010415,沖縄県島尻郡八重瀬町小城,26.125995,127.747182
768,9010504,沖縄県島尻郡八重瀬町後原,26.125995,127.747182
769,9010401,沖縄県島尻郡八重瀬町東風平,26.125995,127.747182
770,9010413,沖縄県島尻郡八重瀬町志多伯,26.125995,127.747182
771,9010404,沖縄県島尻郡八重瀬町高良,26.125995,127.747182
772,9010414,沖縄県島尻郡八重瀬町当銘,26.125995,127.747182
773,9010411,沖縄県島尻郡八重瀬町友寄,26.125995,127.747182
774,9010402,沖縄県島尻郡八重瀬町富盛,26.125995,127.747182
775,9010516,沖縄県島尻郡八重瀬町仲座,26.125995,127.747182
776,9010501,沖縄県島尻郡八重瀬町長毛,26.125995,127.747182
777,9010513,沖縄県島尻郡八重瀬町玻名城,26.125995,127.747182
778,9010417,沖縄県島尻郡八重瀬町外間,26.125995,127.747182
779,9010511,沖縄県島尻郡八重瀬町港川,26.125995,127.747182
780,9010406,沖縄県島尻郡八重瀬町屋宜原,26.125995,127.747182
781,9010515,沖縄県島尻郡八重瀬町与座,26.125995,127.747182
782,9010403,沖縄県島尻郡八重瀬町世名城,26.125995,127.747182
783,9060600,沖縄県宮古郡多良間村以下に掲載がない場合,24.657759,124.685433
784,9060601,沖縄県宮古郡多良間村塩川,24.657759,124.685433
785,9060602,沖縄県宮古郡多良間村仲筋,24.657759,124.685433
786,9060603,沖縄県宮古郡多良間村水納,24.657759,124.685433
787,9070000,沖縄県八重山郡竹富町以下に掲載がない場合,24.237087,124.011919
788,9071435,沖縄県八重山郡竹富町新城,24.237087,124.011919
789,9071542,沖縄県八重山郡竹富町西表,24.237087,124.011919
790,9071541,沖縄県八重山郡竹富町上原,24.237087,124.011919
791,9071311,沖縄県八重山郡竹富町黒島,24.237087,124.011919
792,9071221,沖縄県八重山郡竹富町小浜,24.237087,124.011919
793,9071432,沖縄県八重山郡竹富町古見,24.237087,124.011919
794,9071543,沖縄県八重山郡竹富町崎山,24.237087,124.011919
795,9071431,沖縄県八重山郡竹富町高那,24.237087,124.011919
796,9071101,沖縄県八重山郡竹富町竹富,24.237087,124.011919
797,9071434,沖縄県八重山郡竹富町南風見,24.237087,124.011919
798,9071433,沖縄県八重山郡竹富町南風見仲,24.237087,124.011919
799,9071751,沖縄県八重山郡竹富町波照間,24.237087,124.011919
800,9071544,沖縄県八重山郡竹富町鳩間,24.237087,124.011919
801,9071800,沖縄県八重山郡与那国町以下に掲載がない場合,24.455925,122.987678
802,9071801,沖縄県八重山郡与那国町与那国,24.455925,122.987678
803,,沖縄県那覇市古波蔵一丁目,26.199562,127.691306
804,,沖縄県那覇市真嘉比一丁目,26.222671,127.700862
805,,沖縄県那覇市楚辺三丁目,26.207035,127.683173
806,,沖縄県那覇市宇栄原六丁目,26.184452,127.665806
807,,沖縄県那覇市宇栄原五丁目,26.186091,127.66699
808,,沖縄県那覇市宇栄原四丁目,26.185664,127.671191
809,,沖縄県那覇市壺川一丁目,26.20583,127.681725
810,,沖縄県那覇市小禄五丁目,26.191872,127.67409
811,,沖縄県那覇市小禄二丁目,26.190858,127.675595
812,,沖縄県那覇市小禄四丁目,26.189247,127.672172
813,,沖縄県那覇市小禄三丁目,26.187968,127.673625
814,,沖縄県那覇市銘苅三丁目,26.234646,127.699143
815,,沖縄県那覇市安謝二丁目,26.236112,127.690279
816,,沖縄県那覇市安謝一丁目,26.235369,127.694564
817,,沖縄県那覇市字銘苅,26.236129,127.699544
818,,沖縄県那覇市字安謝,26.238942,127.689789
819,,沖縄県那覇市曙二丁目,26.239992,127.682645
820,,沖縄県那覇市曙三丁目,26.242252,127.685134
821,,沖縄県那覇市港町三丁目,26.244798,127.675857
822,,沖縄県那覇市港町四丁目,26.244032,127.671219
823,,沖縄県那覇市港町二丁目,26.242447,127.677165
824,,沖縄県那覇市首里石嶺町四丁目,26.232425,127.733362
825,,沖縄県那覇市首里石嶺町三丁目,26.231054,127.726001
826,,沖縄県那覇市首里石嶺町一丁目,26.22618,127.725259
827,,沖縄県那覇市首里儀保町一丁目,26.22369,127.718837
828,,沖縄県那覇市首里儀保町三丁目,26.225635,127.718938
829,,沖縄県那覇市首里久場川町一丁目,26.225692,127.721479
830,,沖縄県那覇市首里平良町二丁目,26.228652,127.718044
831,,沖縄県那覇市首里大名町三丁目,26.231515,127.721468
832,,沖縄県那覇市首里平良町一丁目,26.229139,127.720857
833,,沖縄県那覇市首里大名町二丁目,26.231721,127.718094
834,,沖縄県那覇市首里儀保町二丁目,26.224205,127.717622
835,,沖縄県那覇市真嘉比二丁目,26.225787,127.702179
836,,沖縄県那覇市古島一丁目,26.229366,127.704115
837,,沖縄県那覇市首里末吉町四丁目,26.229062,127.708778
838,,沖縄県那覇市首里末吉町三丁目,26.233004,127.706865
839,,沖縄県那覇市真嘉比三丁目,26.224135,127.70489
840,,沖縄県那覇市松島二丁目,26.225357,127.710673
841,,沖縄県那覇市松島一丁目,26.222964,127.706398
842,,沖縄県那覇市字古島,26.231481,127.703568
843,,沖縄県那覇市首里桃原町一丁目,26.223606,127.713986
844,,沖縄県那覇市古島二丁目,26.22701,127.7076
845,,沖縄県那覇市首里末吉町二丁目,26.230701,127.709895
846,,沖縄県那覇市首里末吉町一丁目,26.228001,127.714014
847,,沖縄県那覇市首里大名町一丁目,26.231359,127.714593
848,,沖縄県那覇市首里桃原町二丁目,26.224365,127.715462
849,,沖縄県那覇市首里儀保町四丁目,26.225878,127.716403
850,,沖縄県那覇市銘苅一丁目,26.230445,127.701255
851,,沖縄県那覇市銘苅二丁目,26.232268,127.697664
852,,沖縄県那覇市おもろまち三丁目,26.228821,127.694567
853,,沖縄県那覇市天久一丁目,26.231555,127.691517
854,,沖縄県那覇市天久二丁目,26.232981,127.687694
855,,沖縄県那覇市上之屋一丁目,26.227585,127.688016
856,,沖縄県那覇市字天久,26.234746,127.684287
857,,沖縄県那覇市おもろまち二丁目,26.225955,127.691279
858,,沖縄県那覇市曙一丁目,26.235033,127.682048
859,,沖縄県那覇市港町一丁目,26.236646,127.677574
860,,沖縄県那覇市字上之屋,26.229674,127.683866
861,,沖縄県那覇市泊三丁目,26.226959,127.683247
862,,沖縄県那覇市泊二丁目,26.224964,127.687296
863,,沖縄県那覇市首里石嶺町二丁目,26.222972,127.732605
864,,沖縄県那覇市首里赤平町二丁目,26.223856,127.720962
865,,沖縄県那覇市首里久場川町二丁目,26.222583,127.725892
866,,沖縄県那覇市首里赤平町一丁目,26.222181,127.720364
867,,沖縄県那覇市首里汀良町二丁目,26.220656,127.723729
868,,沖縄県那覇市首里汀良町三丁目,26.220317,127.726774
869,,沖縄県那覇市首里赤田町三丁目,26.214146,127.726126
870,,沖縄県那覇市首里鳥堀町三丁目,26.216833,127.725986
871,,沖縄県那覇市首里鳥堀町五丁目,26.216127,127.728222
872,,沖縄県那覇市首里崎山町三丁目,26.212626,127.72456
873,,沖縄県那覇市首里鳥堀町二丁目,26.216959,127.724687
874,,沖縄県那覇市首里赤田町二丁目,26.216011,127.723493
875,,沖縄県那覇市首里鳥堀町四丁目,26.219079,127.729971
876,,沖縄県那覇市首里崎山町二丁目,26.214904,127.723391
877,,沖縄県那覇市首里赤田町一丁目,26.216998,127.722082
878,,沖縄県那覇市首里鳥堀町一丁目,26.217538,127.723631
879,,沖縄県那覇市首里崎山町一丁目,26.214789,127.720976
880,,沖縄県那覇市首里金城町四丁目,26.212956,127.719276
881,,沖縄県那覇市首里汀良町一丁目,26.219909,127.722469
882,,沖縄県那覇市首里当蔵町二丁目,26.220132,127.720649
883,,沖縄県那覇市首里当蔵町三丁目,26.217548,127.719427
884,,沖縄県那覇市首里当蔵町一丁目,26.220379,127.718835
885,,沖縄県那覇市首里大中町一丁目,26.221628,127.71648
886,,沖縄県那覇市首里大中町二丁目,26.222685,127.714843
887,,沖縄県那覇市首里山川町二丁目,26.223549,127.71198
888,,沖縄県那覇市首里金城町三丁目,26.215094,127.716536
889,,沖縄県那覇市首里金城町二丁目,26.215815,127.71372
890,,沖縄県那覇市首里金城町一丁目,26.216898,127.716181
891,,沖縄県那覇市首里真和志町一丁目,26.219217,127.716857
892,,沖縄県那覇市首里真和志町二丁目,26.219529,127.713713
893,,沖縄県那覇市首里山川町一丁目,26.220663,127.712393
894,,沖縄県那覇市繁多川三丁目,26.214004,127.711466
895,,沖縄県那覇市首里山川町三丁目,26.220219,127.708793
896,,沖縄県那覇市首里寒川町一丁目,26.217332,127.711456
897,,沖縄県那覇市首里寒川町二丁目,26.218089,127.708823
898,,沖縄県那覇市松川三丁目,26.215961,127.707067
899,,沖縄県那覇市字松川,26.219469,127.705042
900,,沖縄県那覇市おもろまち一丁目,26.223619,127.694669
901,,沖縄県那覇市おもろまち四丁目,26.225571,127.696701
902,,沖縄県那覇市松川一丁目,26.214325,127.703179
903,,沖縄県那覇市松川二丁目,26.217009,127.702075
904,,沖縄県那覇市字大道,26.218866,127.699278
905,,沖縄県那覇市安里三丁目,26.220181,127.696607
906,,沖縄県那覇市字安里,26.21835,127.697251
907,,沖縄県那覇市牧志二丁目,26.218221,127.689529
908,,沖縄県那覇市泊一丁目,26.222385,127.689187
909,,沖縄県那覇市牧志三丁目,26.215224,127.689835
910,,沖縄県那覇市安里二丁目,26.21679,127.695192
911,,沖縄県那覇市安里一丁目,26.219079,127.693349
912,,沖縄県那覇市辻三丁目,26.220214,127.668078
913,,沖縄県那覇市前島三丁目,26.223433,127.682683
914,,沖縄県那覇市前島二丁目,26.222561,127.685193
915,,沖縄県那覇市若狭二丁目,26.2214,127.675852
916,,沖縄県那覇市若狭三丁目,26.223301,127.678483
917,,沖縄県那覇市牧志一丁目,26.21726,127.684835
918,,沖縄県那覇市久茂地三丁目,26.215476,127.682265
919,,沖縄県那覇市前島一丁目,26.221012,127.686655
920,,沖縄県那覇市松山二丁目,26.22033,127.680447
921,,沖縄県那覇市久茂地二丁目,26.217778,127.681503
922,,沖縄県那覇市若狭一丁目,26.220268,127.67284
923,,沖縄県那覇市松山一丁目,26.218487,127.678072
924,,沖縄県那覇市久米一丁目,26.215825,127.673038
925,,沖縄県那覇市久茂地一丁目,26.214432,127.67841
926,,沖縄県那覇市久米二丁目,26.216488,127.675962
927,,沖縄県那覇市辻二丁目,26.218293,127.670632
928,,沖縄県那覇市辻一丁目,26.216189,127.669835
929,,沖縄県那覇市西三丁目,26.217241,127.665343
930,,沖縄県那覇市西二丁目,26.213489,127.669228
931,,沖縄県那覇市首里崎山町四丁目,26.210518,127.721489
932,,沖縄県那覇市識名四丁目,26.20333,127.710612
933,,沖縄県那覇市識名三丁目,26.204746,127.70676
934,,沖縄県那覇市字真地,26.203259,127.719911
935,,沖縄県那覇市繁多川二丁目,26.211893,127.710643
936,,沖縄県那覇市繁多川四丁目,26.210929,127.71613
937,,沖縄県那覇市繁多川一丁目,26.212368,127.706248
938,,沖縄県那覇市識名二丁目,26.207269,127.710332
939,,沖縄県那覇市繁多川五丁目,26.209387,127.70987
940,,沖縄県那覇市識名一丁目,26.207251,127.704441
941,,沖縄県那覇市三原三丁目,26.20957,127.70247
942,,沖縄県那覇市長田一丁目,26.203349,127.700931
943,,沖縄県那覇市三原二丁目,26.212431,127.701975
944,,沖縄県那覇市字与儀,26.202522,127.694632
945,,沖縄県那覇市字寄宮,26.205012,127.698509
946,,沖縄県那覇市与儀二丁目,26.202408,127.691098
947,,沖縄県那覇市寄宮二丁目,26.208149,127.697331
948,,沖縄県那覇市壺屋二丁目,26.212732,127.694859
949,,沖縄県那覇市寄宮三丁目,26.208206,127.700507
950,,沖縄県那覇市三原一丁目,26.212696,127.697736
951,,沖縄県那覇市松尾二丁目,26.213522,127.686884
952,,沖縄県那覇市樋川一丁目,26.208335,127.688271
953,,沖縄県那覇市与儀一丁目,26.205883,127.69354
954,,沖縄県那覇市寄宮一丁目,26.208823,127.693932
955,,沖縄県那覇市西一丁目,26.212728,127.671779
956,,沖縄県那覇市壺川二丁目,26.203614,127.680599
957,,沖縄県那覇市楚辺二丁目,26.204095,127.686683
958,,沖縄県那覇市壺川三丁目,26.20659,127.678612
959,,沖縄県那覇市松尾一丁目,26.212784,127.683685
960,,沖縄県那覇市楚辺一丁目,26.208581,127.684452
961,,沖縄県那覇市泉崎二丁目,26.209001,127.680472
962,,沖縄県那覇市泉崎一丁目,26.211983,127.678643
963,,沖縄県那覇市金城一丁目,26.203394,127.665944
964,,沖縄県那覇市垣花町二丁目,26.206773,127.66776
965,,沖縄県那覇市垣花町一丁目,26.207328,127.66917
966,,沖縄県那覇市垣花町三丁目,26.207118,127.666269
967,,沖縄県那覇市住吉町二丁目,26.209015,127.665661
968,,沖縄県那覇市住吉町三丁目,26.208701,127.663413
969,,沖縄県那覇市住吉町一丁目,26.21093,127.663238
970,,沖縄県那覇市字鏡水,26.210713,127.651985
971,,沖縄県那覇市字識名,26.202337,127.714924
972,,沖縄県那覇市字上間,26.197667,127.712709
973,,沖縄県那覇市長田二丁目,26.201725,127.704042
974,,沖縄県那覇市上間一丁目,26.200909,127.708851
975,,沖縄県那覇市字仲井真,26.194206,127.708342
976,,沖縄県那覇市字国場,26.197799,127.698947
977,,沖縄県那覇市古波蔵三丁目,26.199516,127.683699
978,,沖縄県那覇市古波蔵四丁目,26.195935,127.69096
979,,沖縄県那覇市古波蔵二丁目,26.199554,127.687997
980,,沖縄県那覇市田原二丁目,26.196595,127.670137
981,,沖縄県那覇市小禄一丁目,26.192719,127.679409
982,,沖縄県那覇市字赤嶺,26.192593,127.657705
983,,沖縄県那覇市金城二丁目,26.201877,127.66583
984,,沖縄県那覇市田原一丁目,26.200085,127.669759
985,,沖縄県那覇市字田原,26.195436,127.671351
986,,沖縄県那覇市田原四丁目,26.194426,127.669389
987,,沖縄県那覇市金城五丁目,26.197253,127.666225
988,,沖縄県那覇市金城四丁目,26.198419,127.663778
989,,沖縄県那覇市田原三丁目,26.195847,127.668098
990,,沖縄県那覇市赤嶺一丁目,26.1954,127.662876
991,,沖縄県那覇市字安次嶺,26.201843,127.657607
992,,沖縄県那覇市金城三丁目,26.200196,127.665452
993,,沖縄県那覇市赤嶺二丁目,26.194612,127.660397
994,,沖縄県那覇市字大嶺,26.197504,127.643212
995,,沖縄県那覇市字高良,26.190808,127.655684
996,,沖縄県那覇市字当間,26.199196,127.651429
997,,沖縄県那覇市字小禄,26.193409,127.671395
998,,沖縄県那覇市字宇栄原,26.184011,127.668221
999,,沖縄県那覇市宇栄原二丁目,26.189685,127.667061
1000,,沖縄県那覇市高良二丁目,26.184035,127.662984
1001,,沖縄県那覇市高良一丁目,26.18679,127.661037
1002,,沖縄県那覇市宇栄原三丁目,26.188659,127.662598
1003,,沖縄県那覇市宇栄原一丁目,26.192033,127.663488
1004,,沖縄県那覇市高良三丁目,26.190247,127.659564
1005,,沖縄県那覇市宮城一丁目,26.186538,127.657824
1006,,沖縄県那覇市具志二丁目,26.182113,127.659451
1007,,沖縄県那覇市具志三丁目,26.178901,127.657084
1008,,沖縄県那覇市具志一丁目,26.1836,127.657766
1009,,沖縄県那覇市字宮城,26.189661,127.65095
1010,,沖縄県那覇市字具志,26.182482,127.651743
1011,,沖縄県那覇市樋川二丁目,26.209868,127.690825
1012,,沖縄県那覇市壺屋一丁目,26.21303,127.691621
1013,,沖縄県宜野湾市神山一丁目,26.268776,127.764862
1014,,沖縄県宜野湾市愛知三丁目,26.265571,127.769215
1015,,沖縄県宜野湾市愛知二丁目,26.268445,127.770952
1016,,沖縄県宜野湾市愛知一丁目,26.271227,127.767662
1017,,沖縄県宜野湾市我如古四丁目,26.255249,127.75
1018,,沖縄県宜野湾市我如古三丁目,26.252911,127.754623
1019,,沖縄県宜野湾市我如古二丁目,26.254567,127.758491
1020,,沖縄県宜野湾市大山七丁目,26.28492,127.744631
1021,,沖縄県宜野湾市真栄原一丁目,26.257614,127.745494
1022,,沖縄県宜野湾市大山二丁目,26.275632,127.744412
1023,,沖縄県宜野湾市大山四丁目,26.283308,127.749115
1024,,沖縄県宜野湾市大山一丁目,26.280648,127.751478
1025,,沖縄県宜野湾市大山五丁目,26.281148,127.745227
1026,,沖縄県宜野湾市真栄原三丁目,26.263189,127.744942
1027,,沖縄県宜野湾市字佐真下,26.265603,127.748426
1028,,沖縄県宜野湾市字我如古,26.260311,127.746759
1029,,沖縄県宜野湾市嘉数二丁目,26.255411,127.737018
1030,,沖縄県宜野湾市新城一丁目,26.287969,127.772719
1031,,沖縄県宜野湾市喜友名二丁目,26.284793,127.760494
1032,,沖縄県宜野湾市大山三丁目,26.284813,127.752162
1033,,沖縄県宜野湾市伊佐四丁目,26.289765,127.752422
1034,,沖縄県宜野湾市伊佐三丁目,26.292044,127.755494
1035,,沖縄県宜野湾市普天間二丁目,26.289427,127.775457
1036,,沖縄県宜野湾市長田二丁目,26.263107,127.767818
1037,,沖縄県宜野湾市志真志三丁目,26.256111,127.761999
1038,,沖縄県宜野湾市喜友名一丁目,26.285404,127.764496
1039,,沖縄県宜野湾市伊佐二丁目,26.287457,127.7542
1040,,沖縄県宜野湾市野嵩三丁目,26.287209,127.783792
1041,,沖縄県宜野湾市字赤道,26.275432,127.768941
1042,,沖縄県宜野湾市宜野湾一丁目,26.265697,127.761157
1043,,沖縄県宜野湾市字神山,26.274473,127.760489
1044,,沖縄県宜野湾市新城二丁目,26.28685,127.769531
1045,,沖縄県宜野湾市長田三丁目,26.261073,127.767595
1046,,沖縄県宜野湾市志真志一丁目,26.258172,127.764123
1047,,沖縄県宜野湾市長田一丁目,26.263484,127.764541
1048,,沖縄県宜野湾市志真志四丁目,26.257401,127.758887
1049,,沖縄県宜野湾市長田四丁目,26.26093,127.761753
1050,,沖縄県宜野湾市宜野湾三丁目,26.26086,127.756045
1051,,沖縄県宜野湾市赤道一丁目,26.273467,127.770583
1052,,沖縄県宜野湾市我如古一丁目,26.258228,127.75306
1053,,沖縄県宜野湾市宜野湾二丁目,26.264101,127.756773
1054,,沖縄県宜野湾市赤道二丁目,26.271894,127.773642
1055,,沖縄県宜野湾市上原二丁目,26.275586,127.77713
1056,,沖縄県宜野湾市野嵩一丁目,26.282571,127.78134
1057,,沖縄県宜野湾市上原一丁目,26.277136,127.775953
1058,,沖縄県宜野湾市字野嵩,26.282753,127.775715
1059,,沖縄県宜野湾市野嵩四丁目,26.291305,127.782516
1060,,沖縄県宜野湾市野嵩二丁目,26.284803,127.777874
1061,,沖縄県宜野湾市普天間一丁目,26.291618,127.779047
1062,,沖縄県宜野湾市伊佐一丁目,26.284568,127.756329
1063,,沖縄県宜野湾市志真志二丁目,26.256198,127.767175
1064,,沖縄県宜野湾市真志喜四丁目,26.28015,127.734712
1065,,沖縄県宜野湾市大山六丁目,26.277983,127.740621
1066,,沖縄県宜野湾市真志喜二丁目,26.275549,127.737154
1067,,沖縄県宜野湾市真志喜三丁目,26.274807,127.734007
1068,,沖縄県宜野湾市字真志喜,26.272219,127.735802
1069,,沖縄県宜野湾市嘉数三丁目,26.257182,127.734214
1070,,沖縄県宜野湾市字宇地泊,26.27243,127.729892
1071,,沖縄県宜野湾市字大謝名,26.2707,127.735014
1072,,沖縄県宜野湾市大謝名五丁目,26.266481,127.73234
1073,,沖縄県宜野湾市嘉数一丁目,26.259588,127.735739
1074,,沖縄県宜野湾市嘉数四丁目,26.261969,127.732289
1075,,沖縄県宜野湾市大謝名一丁目,26.267897,127.736768
1076,,沖縄県宜野湾市真志喜一丁目,26.271206,127.740709
1077,,沖縄県宜野湾市大謝名四丁目,26.264688,127.735089
1078,,沖縄県宜野湾市大謝名三丁目,26.26359,127.737889
1079,,沖縄県宜野湾市大謝名二丁目,26.265723,127.739821
1080,,沖縄県宜野湾市真栄原二丁目,26.2608,127.740693
1081,,沖縄県宜野湾市字真栄原,26.260573,127.744858
1082,,沖縄県宜野湾市字宜野湾,26.270245,127.754067
1083,,沖縄県宜野湾市字大山,26.276834,127.751391
1084,,沖縄県宜野湾市字上原,26.278494,127.773272
1085,,沖縄県宜野湾市字新城,26.282059,127.771851
1086,,沖縄県宜野湾市字喜友名,26.290147,127.762852
1087,,沖縄県宜野湾市字伊佐,26.289317,127.758753
1088,,沖縄県宜野湾市字安仁屋,26.293656,127.76768
1089,,沖縄県宜野湾市字普天間,26.294537,127.773764
1090,,沖縄県宜野湾市字中原,26.278459,127.765768
1091,,沖縄県石垣市字白保,24.399176,124.235469
1092,,沖縄県石垣市字大浜,24.38738,124.209288
1093,,沖縄県石垣市字大浜,24.38738,124.209288
1094,,沖縄県石垣市字平得,24.381549,124.186131
1095,,沖縄県石垣市字真栄里,24.383537,124.198054
1096,,沖縄県石垣市字登野城,24.378062,124.178186
1097,,沖縄県石垣市字桃里,24.449676,124.245393
1098,,沖縄県石垣市字新川,24.364752,124.128604
1099,,沖縄県石垣市字野底,24.494591,124.239561
1100,,沖縄県石垣市字崎枝,24.435726,124.10009
1101,,沖縄県石垣市字宮良,24.394323,124.222372
1102,,沖縄県石垣市字名蔵,24.407606,124.156114
1103,,沖縄県石垣市字川平,24.455191,124.128743
1104,,沖縄県石垣市字伊原間,24.513841,124.285419
1105,,沖縄県石垣市字平久保,24.578763,124.319535
1106,,沖縄県石垣市八島町一丁目,24.335069,124.158257
1107,,沖縄県石垣市八島町二丁目,24.332426,124.16571
1108,,沖縄県石垣市字盛山,24.389859,124.240754
1109,,沖縄県石垣市字盛山,24.384691,124.245457
1110,,沖縄県石垣市字大川,24.361795,124.166988
1111,,沖縄県石垣市浜崎町一丁目,24.33937,124.152078
1112,,沖縄県石垣市字石垣,24.367947,124.152835
1113,,沖縄県石垣市字桴海,24.460844,124.228926
1114,,沖縄県石垣市浜崎町三丁目,24.339462,124.147876
1115,,沖縄県石垣市浜崎町二丁目,24.341396,124.149745
1116,,沖縄県浦添市西洲三丁目,26.260212,127.695944
1117,,沖縄県浦添市西原三丁目,26.254216,127.746972
1118,,沖縄県浦添市西原四丁目,26.249041,127.747439
1119,,沖縄県浦添市西原二丁目,26.254173,127.744567
1120,,沖縄県浦添市西洲二丁目,26.25241,127.687366
1121,,沖縄県浦添市当山二丁目,26.251305,127.735033
1122,,沖縄県浦添市当山一丁目,26.252494,127.729871
1123,,沖縄県浦添市仲間二丁目,26.249871,127.728313
1124,,沖縄県浦添市城間二丁目,26.25337,127.712384
1125,,沖縄県浦添市仲間一丁目,26.250949,127.722562
1126,,沖縄県浦添市伊祖四丁目,26.254867,127.7225
1127,,沖縄県浦添市伊祖一丁目,26.251832,127.717848
1128,,沖縄県浦添市伊祖二丁目,26.253716,127.716324
1129,,沖縄県浦添市城間一丁目,26.255545,127.708864
1130,,沖縄県浦添市屋富祖四丁目,26.254045,127.707631
1131,,沖縄県浦添市屋富祖三丁目,26.252596,127.70657
1132,,沖縄県浦添市字屋富祖,26.256405,127.700167
1133,,沖縄県浦添市字宮城,26.253529,127.698943
1134,,沖縄県浦添市字仲西,26.251113,127.695914
1135,,沖縄県浦添市西原一丁目,26.253107,127.741797
1136,,沖縄県浦添市沢岻一丁目,26.236192,127.712397
1137,,沖縄県浦添市経塚一丁目,26.241877,127.723106
1138,,沖縄県浦添市西原五丁目,26.248242,127.743246
1139,,沖縄県浦添市当山三丁目,26.247699,127.735272
1140,,沖縄県浦添市前田四丁目,26.236685,127.735398
1141,,沖縄県浦添市前田二丁目,26.242975,127.738447
1142,,沖縄県浦添市前田一丁目,26.24116,127.736435
1143,,沖縄県浦添市西洲一丁目,26.246219,127.686432
1144,,沖縄県浦添市西原六丁目,26.246194,127.746522
1145,,沖縄県浦添市前田三丁目,26.243834,127.740996
1146,,沖縄県浦添市字仲間,26.243754,127.729287
1147,,沖縄県浦添市字前田,26.239714,127.730903
1148,,沖縄県浦添市字経塚,26.237598,127.722674
1149,,沖縄県浦添市安波茶三丁目,26.244151,127.721722
1150,,沖縄県浦添市仲間三丁目,26.244136,127.727651
1151,,沖縄県浦添市安波茶二丁目,26.247564,127.723073
1152,,沖縄県浦添市安波茶一丁目,26.24636,127.718873
1153,,沖縄県浦添市屋富祖一丁目,26.250859,127.71264
1154,,沖縄県浦添市屋富祖二丁目,26.250636,127.709029
1155,,沖縄県浦添市宮城一丁目,26.250652,127.704346
1156,,沖縄県浦添市宮城三丁目,26.246453,127.70447
1157,,沖縄県浦添市大平三丁目,26.244912,127.71506
1158,,沖縄県浦添市字大平,26.243551,127.712779
1159,,沖縄県浦添市大平一丁目,26.248639,127.713305
1160,,沖縄県浦添市宮城二丁目,26.248294,127.705886
1161,,沖縄県浦添市宮城四丁目,26.244664,127.704187
1162,,沖縄県浦添市仲西二丁目,26.246514,127.699985
1163,,沖縄県浦添市仲西一丁目,26.24779,127.699034
1164,,沖縄県浦添市字小湾,26.248901,127.692552
1165,,沖縄県浦添市伊奈武瀬一丁目,26.248315,127.671968
1166,,沖縄県浦添市仲西三丁目,26.2446,127.699059
1167,,沖縄県浦添市沢岻二丁目,26.235556,127.708609
1168,,沖縄県浦添市大平二丁目,26.243693,127.7099
1169,,沖縄県浦添市字沢岻,26.23905,127.714197
1170,,沖縄県浦添市宮城六丁目,26.24385,127.70785
1171,,沖縄県浦添市内間二丁目,26.235822,127.705764
1172,,沖縄県浦添市内間一丁目,26.239623,127.707329
1173,,沖縄県浦添市内間三丁目,26.237442,127.700826
1174,,沖縄県浦添市宮城五丁目,26.243215,127.703282
1175,,沖縄県浦添市内間四丁目,26.240135,127.703665
1176,,沖縄県浦添市勢理客一丁目,26.241592,127.697881
1177,,沖縄県浦添市勢理客四丁目,26.244344,127.689794
1178,,沖縄県浦添市勢理客二丁目,26.243276,127.695499
1179,,沖縄県浦添市内間五丁目,26.239902,127.699131
1180,,沖縄県浦添市勢理客三丁目,26.241259,127.692398
1181,,沖縄県浦添市港川一丁目,26.260924,127.719297
1182,,沖縄県浦添市字牧港,26.267441,127.715947
1183,,沖縄県浦添市牧港一丁目,26.263792,127.721392
1184,,沖縄県浦添市牧港五丁目,26.270612,127.717664
1185,,沖縄県浦添市牧港四丁目,26.264264,127.728573
1186,,沖縄県浦添市牧港二丁目,26.262282,127.725418
1187,,沖縄県浦添市牧港三丁目,26.258285,127.729917
1188,,沖縄県浦添市城間三丁目,26.257097,127.711764
1189,,沖縄県浦添市伊祖五丁目,26.257425,127.7262
1190,,沖縄県浦添市伊祖三丁目,26.257468,127.720941
1191,,沖縄県浦添市港川二丁目,26.264191,127.716188
1192,,沖縄県浦添市字港川,26.269027,127.711922
1193,,沖縄県浦添市城間四丁目,26.258972,127.714397
1194,,沖縄県浦添市字城間,26.26212,127.706165
1195,,沖縄県名護市宇茂佐の森五丁目,26.603581,127.962329
1196,,沖縄県名護市宇茂佐の森四丁目,26.602057,127.961358
1197,,沖縄県名護市宇茂佐の森三丁目,26.600669,127.95643
1198,,沖縄県名護市宇茂佐の森二丁目,26.599042,127.961925
1199,,沖縄県名護市宇茂佐の森一丁目,26.599464,127.965258
1200,,沖縄県名護市字嘉陽,26.555861,128.113087
1201,,沖縄県名護市字天仁屋,26.577972,128.117936
1202,,沖縄県名護市字久志,26.522811,127.997811
1203,,沖縄県名護市字許田,26.540748,127.979509
1204,,沖縄県名護市字数久田,26.556203,127.987429
1205,,沖縄県名護市字世冨慶,26.566739,128.003534
1206,,沖縄県名護市字名護,26.58568,128.010169
1207,,沖縄県名護市字名護,26.610246,127.984608
1208,,沖縄県名護市字三原,26.569704,128.085969
1209,,沖縄県名護市字源河,26.613891,128.076819
1210,,沖縄県名護市字田井等,26.600531,128.023649
1211,,沖縄県名護市字大川,26.579326,128.042264
1212,,沖縄県名護市字汀間,26.568599,128.063652
1213,,沖縄県名護市字瀬嵩,26.568281,128.05689
1214,,沖縄県名護市字呉我,26.634502,127.998262
1215,,沖縄県名護市字我部,26.661094,128.000603
1216,,沖縄県名護市城三丁目,26.587433,127.981774
1217,,沖縄県名護市城二丁目,26.587564,127.984232
1218,,沖縄県名護市大北三丁目,26.604597,127.995911
1219,,沖縄県名護市大北二丁目,26.601178,127.998515
1220,,沖縄県名護市字我部祖河,26.626295,127.999117
1221,,沖縄県名護市字古我知,26.62618,127.983267
1222,,沖縄県名護市東江二丁目,26.586579,127.990737
1223,,沖縄県名護市東江一丁目,26.585814,127.98688
1224,,沖縄県名護市字伊差川,26.605593,128.005374
1225,,沖縄県名護市字運天原,26.670432,128.00131
1226,,沖縄県名護市字済井出,26.66942,128.015092
1227,,沖縄県名護市字大浦,26.562912,128.040626
1228,,沖縄県名護市字安部,26.54546,128.087198
1229,,沖縄県名護市字豊原,26.526122,128.017287
1230,,沖縄県名護市字辺野古,26.534958,128.027871
1231,,沖縄県名護市字二見,26.556215,128.02555
1232,,沖縄県名護市東江四丁目,26.58292,127.98557
1233,,沖縄県名護市東江五丁目,26.580619,127.984374
1234,,沖縄県名護市東江三丁目,26.582091,127.987511
1235,,沖縄県名護市字幸喜,26.532351,127.959187
1236,,沖縄県名護市字喜瀬,26.527142,127.943567
1237,,沖縄県名護市字川上,26.618202,128.022232
1238,,沖縄県名護市字仲尾,26.626641,128.011316
1239,,沖縄県名護市字振慶名,26.608642,128.013352
1240,,沖縄県名護市字饒平名,26.659492,128.016595
1241,,沖縄県名護市字屋我,26.651748,128.03104
1242,,沖縄県名護市字稲嶺,26.626873,128.048158
1243,,沖縄県名護市字親川,26.609492,128.024212
1244,,沖縄県名護市字真喜屋,26.61592,128.047895
1245,,沖縄県名護市字仲尾次,26.609425,128.038782
1246,,沖縄県名護市宮里四丁目,26.599199,127.968752
1247,,沖縄県名護市大中四丁目,26.597126,127.989078
1248,,沖縄県名護市大中一丁目,26.590985,127.98408
1249,,沖縄県名護市城一丁目,26.5896,127.982036
1250,,沖縄県名護市大中二丁目,26.592596,127.985295
1251,,沖縄県名護市大東四丁目,26.594293,127.992186
1252,,沖縄県名護市大北一丁目,26.600301,127.991187
1253,,沖縄県名護市大中三丁目,26.595508,127.986371
1254,,沖縄県名護市大南二丁目,26.593657,127.976
1255,,沖縄県名護市大西三丁目,26.596871,127.982561
1256,,沖縄県名護市大西二丁目,26.594887,127.981279
1257,,沖縄県名護市宮里五丁目,26.599579,127.972477
1258,,沖縄県名護市大南四丁目,26.598979,127.97647
1259,,沖縄県名護市大南三丁目,26.596304,127.977174
1260,,沖縄県名護市宮里一丁目,26.594838,127.972653
1261,,沖縄県名護市宮里六丁目,26.601808,127.974527
1262,,沖縄県名護市字山入端,26.608305,127.934787
1263,,沖縄県名護市字宮里,26.598867,127.966616
1264,,沖縄県名護市大北四丁目,26.605244,127.989542
1265,,沖縄県名護市字勝山,26.623922,127.936608
1266,,沖縄県名護市字安和,26.614852,127.916852
1267,,沖縄県名護市宮里二丁目,26.591953,127.969875
1268,,沖縄県名護市港二丁目,26.590272,127.976052
1269,,沖縄県名護市大東三丁目,26.592217,127.989963
1270,,沖縄県名護市大中五丁目,26.596111,127.991718
1271,,沖縄県名護市大東二丁目,26.589768,127.988877
1272,,沖縄県名護市大東一丁目,26.589076,127.985909
1273,,沖縄県名護市大南一丁目,26.592764,127.978702
1274,,沖縄県名護市大西一丁目,26.592939,127.98116
1275,,沖縄県名護市港一丁目,26.591202,127.978201
1276,,沖縄県名護市大西四丁目,26.600416,127.979583
1277,,沖縄県名護市大西五丁目,26.601235,127.984599
1278,,沖縄県名護市宮里七丁目,26.604115,127.978699
1279,,沖縄県名護市大北五丁目,26.605756,127.983884
1280,,沖縄県名護市宮里三丁目,26.595395,127.968752
1281,,沖縄県名護市字旭川,26.621635,127.951648
1282,,沖縄県名護市字屋部,26.609001,127.950231
1283,,沖縄県名護市字為又,26.614817,127.974155
1284,,沖縄県名護市字宇茂佐,26.609574,127.965295
1285,,沖縄県名護市字中山,26.628657,127.967478
1286,,沖縄県糸満市字喜屋武,26.087777,127.664681
1287,,沖縄県糸満市字大度,26.096314,127.708931
1288,,沖縄県糸満市字伊原,26.093177,127.685812
1289,,沖縄県糸満市字束里,26.082477,127.678755
1290,,沖縄県糸満市字米須,26.09273,127.696389
1291,,沖縄県糸満市字山城,26.086125,127.686214
1292,,沖縄県糸満市西崎町五丁目,26.144745,127.654571
1293,,沖縄県糸満市西崎町三丁目,26.146656,127.666412
1294,,沖縄県糸満市字名城,26.10368,127.663106
1295,,沖縄県糸満市字摩文仁,26.097461,127.721548
1296,,沖縄県糸満市字宇江城,26.104541,127.708525
1297,,沖縄県糸満市字小波蔵,26.101475,127.669014
1298,,沖縄県糸満市字福地,26.094143,127.674714
1299,,沖縄県糸満市字南波平,26.100139,127.682928
1300,,沖縄県糸満市字伊敷,26.108154,127.67621
1301,,沖縄県糸満市字糸洲,26.102722,127.676902
1302,,沖縄県糸満市字真壁,26.107698,127.691351
1303,,沖縄県糸満市字新垣,26.118095,127.702616
1304,,沖縄県糸満市潮崎町四丁目,26.116425,127.66348
1305,,沖縄県糸満市潮崎町二丁目,26.123633,127.668135
1306,,沖縄県糸満市潮崎町一丁目,26.12274,127.665548
1307,,沖縄県糸満市潮崎町三丁目,26.119408,127.664891
1308,,沖縄県糸満市字真栄里,26.115919,127.676428
1309,,沖縄県糸満市字国吉,26.119641,127.68799
1310,,沖縄県糸満市字大里,26.129693,127.691922
1311,,沖縄県糸満市字照屋,26.131366,127.681004
1312,,沖縄県糸満市西崎町二丁目,26.141288,127.670269
1313,,沖縄県糸満市西崎町一丁目,26.131943,127.652717
1314,,沖縄県糸満市西崎町四丁目,26.139179,127.656139
1315,,沖縄県糸満市西崎二丁目,26.142118,127.664877
1316,,沖縄県糸満市西崎一丁目,26.137226,127.665453
1317,,沖縄県糸満市字兼城,26.137252,127.676566
1318,,沖縄県糸満市西崎六丁目,26.143259,127.669819
1319,,沖縄県糸満市字潮平,26.146759,127.672687
1320,,沖縄県糸満市字与座,26.13015,127.703002
1321,,沖縄県糸満市字豊原,26.143789,127.70821
1322,,沖縄県糸満市字座波,26.143759,127.692124
1323,,沖縄県糸満市字賀数,26.1501,127.692094
1324,,沖縄県糸満市字阿波根,26.152721,127.68062
1325,,沖縄県糸満市字北波平,26.157775,127.694298
1326,,沖縄県糸満市字真栄平,26.112492,127.707284
1327,,沖縄県糸満市字武富,26.163254,127.697636
1328,,沖縄県糸満市字武富,26.16438,127.691566
1329,,沖縄県糸満市字糸満,26.128823,127.670145
1330,,沖縄県沖縄市東二丁目,26.345421,127.82414
1331,,沖縄県沖縄市与儀三丁目,26.308425,127.81654
1332,,沖縄県沖縄市与儀二丁目,26.312723,127.808851
1333,,沖縄県沖縄市与儀一丁目,26.311648,127.813024
1334,,沖縄県沖縄市上地四丁目,26.335864,127.793603
1335,,沖縄県沖縄市室川二丁目,26.334279,127.808472
1336,,沖縄県沖縄市安慶田二丁目,26.335499,127.812938
1337,,沖縄県沖縄市中央一丁目,26.33708,127.799783
1338,,沖縄県沖縄市宮里一丁目,26.338031,127.81701
1339,,沖縄県沖縄市安慶田一丁目,26.335226,127.81093
1340,,沖縄県沖縄市室川一丁目,26.334154,127.806786
1341,,沖縄県沖縄市照屋一丁目,26.336986,127.815314
1342,,沖縄県沖縄市胡屋一丁目,26.336127,127.802168
1343,,沖縄県沖縄市中央二丁目,26.339751,127.798377
1344,,沖縄県沖縄市宮里二丁目,26.339005,127.820563
1345,,沖縄県沖縄市宮里三丁目,26.337342,127.822322
1346,,沖縄県沖縄市桃原二丁目,26.335263,127.824591
1347,,沖縄県沖縄市比屋根三丁目,26.312681,127.824931
1348,,沖縄県沖縄市高原七丁目,26.319955,127.824075
1349,,沖縄県沖縄市比屋根一丁目,26.316263,127.823018
1350,,沖縄県沖縄市泡瀬一丁目,26.321293,127.837409
1351,,沖縄県沖縄市泡瀬二丁目,26.318214,127.835061
1352,,沖縄県沖縄市泡瀬三丁目,26.314571,127.831737
1353,,沖縄県沖縄市字泡瀬,26.317317,127.842907
1354,,沖縄県沖縄市泡瀬四丁目,26.317769,127.829515
1355,,沖縄県沖縄市照屋四丁目,26.331816,127.816637
1356,,沖縄県沖縄市照屋二丁目,26.335085,127.815031
1357,,沖縄県沖縄市胡屋六丁目,26.325633,127.808707
1358,,沖縄県沖縄市安慶田五丁目,26.327169,127.811982
1359,,沖縄県沖縄市諸見里一丁目,26.330705,127.792562
1360,,沖縄県沖縄市上地三丁目,26.333825,127.792497
1361,,沖縄県沖縄市胡屋三丁目,26.330338,127.803354
1362,,沖縄県沖縄市胡屋四丁目,26.330352,127.800968
1363,,沖縄県沖縄市上地二丁目,26.332007,127.795576
1364,,沖縄県沖縄市園田一丁目,26.330653,127.798234
1365,,沖縄県沖縄市久保田二丁目,26.323729,127.797402
1366,,沖縄県沖縄市園田二丁目,26.32665,127.799855
1367,,沖縄県沖縄市園田三丁目,26.328097,127.795856
1368,,沖縄県沖縄市高原六丁目,26.319783,127.827976
1369,,沖縄県沖縄市比屋根二丁目,26.315163,127.825319
1370,,沖縄県沖縄市高原四丁目,26.321441,127.818605
1371,,沖縄県沖縄市高原三丁目,26.325017,127.819241
1372,,沖縄県沖縄市海邦一丁目,26.326476,127.833378
1373,,沖縄県沖縄市胡屋七丁目,26.323382,127.809675
1374,,沖縄県沖縄市胡屋五丁目,26.328384,127.806389
1375,,沖縄県沖縄市高原一丁目,26.32543,127.81323
1376,,沖縄県沖縄市安慶田三丁目,26.331234,127.811162
1377,,沖縄県沖縄市安慶田四丁目,26.329218,127.811177
1378,,沖縄県沖縄市照屋三丁目,26.331053,127.814161
1379,,沖縄県沖縄市大里一丁目,26.328416,127.819997
1380,,沖縄県沖縄市高原二丁目,26.326904,127.8162
1381,,沖縄県沖縄市照屋五丁目,26.332266,127.818942
1382,,沖縄県沖縄市桃原一丁目,26.331711,127.824917
1383,,沖縄県沖縄市大里二丁目,26.328904,127.823638
1384,,沖縄県沖縄市字大里,26.326603,127.827065
1385,,沖縄県沖縄市泡瀬六丁目,26.328348,127.830906
1386,,沖縄県沖縄市桃原三丁目,26.333509,127.829153
1387,,沖縄県沖縄市字桃原,26.331105,127.830402
1388,,沖縄県沖縄市山里三丁目,26.320404,127.788042
1389,,沖縄県沖縄市胡屋二丁目,26.333728,127.800933
1390,,沖縄県沖縄市上地一丁目,26.334595,127.797577
1391,,沖縄県沖縄市比屋根六丁目,26.315822,127.815376
1392,,沖縄県沖縄市比屋根四丁目,26.315182,127.820415
1393,,沖縄県沖縄市高原五丁目,26.322795,127.825403
1394,,沖縄県沖縄市泡瀬五丁目,26.324215,127.829872
1395,,沖縄県沖縄市比屋根五丁目,26.308868,127.823141
1396,,沖縄県沖縄市比屋根七丁目,26.320323,127.811683
1397,,沖縄県沖縄市山里二丁目,26.321447,127.79211
1398,,沖縄県沖縄市久保田一丁目,26.323525,127.794723
1399,,沖縄県沖縄市久保田三丁目,26.318776,127.794515
1400,,沖縄県沖縄市山内二丁目,26.32338,127.785852
1401,,沖縄県沖縄市山内三丁目,26.327731,127.783627
1402,,沖縄県沖縄市南桃原一丁目,26.319013,127.785207
1403,,沖縄県沖縄市南桃原三丁目,26.32257,127.781842
1404,,沖縄県沖縄市山内一丁目,26.329533,127.78586
1405,,沖縄県沖縄市山里一丁目,26.324656,127.789157
1406,,沖縄県沖縄市諸見里三丁目,26.326495,127.791576
1407,,沖縄県沖縄市諸見里二丁目,26.331237,127.788508
1408,,沖縄県沖縄市山内四丁目,26.330991,127.781918
1409,,沖縄県沖縄市南桃原四丁目,26.32796,127.77987
1410,,沖縄県沖縄市南桃原二丁目,26.318583,127.780889
1411,,沖縄県沖縄市美原一丁目,26.347721,127.821448
1412,,沖縄県沖縄市池原四丁目,26.386789,127.829579
1413,,沖縄県沖縄市池原二丁目,26.380836,127.823588
1414,,沖縄県沖縄市池原一丁目,26.378746,127.828977
1415,,沖縄県沖縄市池原三丁目,26.387823,127.827655
1416,,沖縄県沖縄市字倉敷,26.389427,127.795455
1417,,沖縄県沖縄市松本六丁目,26.355237,127.807906
1418,,沖縄県沖縄市美里五丁目,26.351792,127.811095
1419,,沖縄県沖縄市登川三丁目,26.372521,127.823372
1420,,沖縄県沖縄市美原三丁目,26.349289,127.817112
1421,,沖縄県沖縄市美里三丁目,26.347401,127.813985
1422,,沖縄県沖縄市越来三丁目,26.347336,127.809725
1423,,沖縄県沖縄市越来二丁目,26.34482,127.810195
1424,,沖縄県沖縄市八重島三丁目,26.347803,127.806036
1425,,沖縄県沖縄市嘉間良三丁目,26.344849,127.805936
1426,,沖縄県沖縄市美里四丁目,26.35124,127.814059
1427,,沖縄県沖縄市松本一丁目,26.355065,127.8152
1428,,沖縄県沖縄市知花二丁目,26.358937,127.810896
1429,,沖縄県沖縄市松本四丁目,26.357761,127.816397
1430,,沖縄県沖縄市知花三丁目,26.361213,127.808508
1431,,沖縄県沖縄市松本五丁目,26.356908,127.80993
1432,,沖縄県沖縄市知花一丁目,26.359909,127.816876
1433,,沖縄県沖縄市中央三丁目,26.339232,127.802226
1434,,沖縄県沖縄市嘉間良二丁目,26.341962,127.807178
1435,,沖縄県沖縄市住吉二丁目,26.339623,127.806322
1436,,沖縄県沖縄市嘉間良一丁目,26.341575,127.804191
1437,,沖縄県沖縄市中央四丁目,26.341005,127.800343
1438,,沖縄県沖縄市八重島一丁目,26.344881,127.801611
1439,,沖縄県沖縄市住吉一丁目,26.339279,127.809913
1440,,沖縄県沖縄市字美里,26.355142,127.803317
1441,,沖縄県沖縄市松本七丁目,26.358133,127.803887
1442,,沖縄県沖縄市美原四丁目,26.35014,127.82151
1443,,沖縄県沖縄市松本二丁目,26.354164,127.819825
1444,,沖縄県沖縄市字松本,26.352252,127.822024
1445,,沖縄県沖縄市松本三丁目,26.357848,127.820547
1446,,沖縄県沖縄市東一丁目,26.342495,127.820935
1447,,沖縄県沖縄市美原二丁目,26.345313,127.818856
1448,,沖縄県沖縄市美里一丁目,26.341376,127.816306
1449,,沖縄県沖縄市美里二丁目,26.34469,127.815222
1450,,沖縄県沖縄市越来一丁目,26.341727,127.810843
1451,,沖縄県沖縄市八重島二丁目,26.348094,127.803435
1452,,沖縄県沖縄市美里六丁目,26.352717,127.80655
1453,,沖縄県沖縄市知花四丁目,26.36301,127.804034
1454,,沖縄県沖縄市知花六丁目,26.363676,127.818189
1455,,沖縄県沖縄市登川一丁目,26.368611,127.820734
1456,,沖縄県沖縄市登川二丁目,26.366131,127.822593
1457,,沖縄県沖縄市知花五丁目,26.365399,127.811437
1458,,沖縄県沖縄市字知花,26.371588,127.807164
1459,,沖縄県沖縄市字池原,26.387093,127.814755
1460,,沖縄県沖縄市池原五丁目,26.382371,127.831501
1461,,沖縄県沖縄市明道一丁目,26.355751,127.823232
1462,,沖縄県沖縄市字登川,26.375462,127.815404
1463,,沖縄県沖縄市宮里四丁目,26.340432,127.824718
1464,,沖縄県沖縄市古謝一丁目,26.338284,127.83074
1465,,沖縄県沖縄市海邦二丁目,26.330569,127.83512
1466,,沖縄県沖縄市古謝二丁目,26.334785,127.833398
1467,,沖縄県沖縄市古謝三丁目,26.337451,127.837385
1468,,沖縄県豊見城市字与根,26.16731,127.658747
1469,,沖縄県豊見城市字平良,26.171551,127.692086
1470,,沖縄県豊見城市字渡橋名,26.16633,127.675575
1471,,沖縄県豊見城市字饒波,26.176235,127.695998
1472,,沖縄県豊見城市字上田,26.17305,127.679252
1473,,沖縄県豊見城市字高嶺,26.167685,127.689537
1474,,沖縄県豊見城市字渡嘉敷,26.169995,127.68215
1475,,沖縄県豊見城市字伊良波,26.172076,127.666585
1476,,沖縄県豊見城市字豊崎,26.156532,127.657786
1477,,沖縄県豊見城市字保栄茂,26.161578,127.684696
1478,,沖縄県豊見城市字翁長,26.158194,127.671659
1479,,沖縄県豊見城市字座安,26.167347,127.67002
1480,,沖縄県豊見城市字瀬長,26.175914,127.649778
1481,,沖縄県豊見城市字根差部,26.18694,127.693159
1482,,沖縄県豊見城市字嘉数,26.188048,127.700634
1483,,沖縄県豊見城市字金良,26.177798,127.706959
1484,,沖縄県豊見城市字長堂,26.184557,127.706383
1485,,沖縄県豊見城市字宜保,26.180394,127.678015
1486,,沖縄県豊見城市字高安,26.180875,127.688232
1487,,沖縄県豊見城市字真玉橋,26.192922,127.692928
1488,,沖縄県豊見城市字我那覇,26.17963,127.670657
1489,,沖縄県豊見城市字豊見城,26.187706,127.683024
1490,,沖縄県豊見城市字田頭,26.177376,127.660406
1491,,沖縄県豊見城市字名嘉地,26.177753,127.665349
1492,,沖縄県豊見城市宜保一丁目,26.178144,127.679488
1493,,沖縄県豊見城市宜保五丁目,26.180376,127.680099
1494,,沖縄県豊見城市宜保三丁目,26.178885,127.675235
1495,,沖縄県豊見城市宜保四丁目,26.180378,127.676391
1496,,沖縄県豊見城市宜保二丁目,26.178069,127.676821
1497,,沖縄県うるま市字州崎,26.336232,127.854274
1498,,沖縄県うるま市字宇堅,26.381598,127.870679
1499,,沖縄県うるま市字赤野,26.374309,127.865531
1500,,沖縄県うるま市字具志川,26.354983,127.87205
1501,,沖縄県うるま市石川曙一丁目,26.419623,127.828403
1502,,沖縄県うるま市石川曙二丁目,26.418189,127.827059
1503,,沖縄県うるま市喜仲二丁目,26.356447,127.843497
1504,,沖縄県うるま市喜仲三丁目,26.355028,127.845783
1505,,沖縄県うるま市喜仲四丁目,26.353566,127.848432
1506,,沖縄県うるま市字仲嶺,26.358409,127.852638
1507,,沖縄県うるま市喜仲一丁目,26.358956,127.84401
1508,,沖縄県うるま市みどり町三丁目,26.375507,127.859198
1509,,沖縄県うるま市みどり町一丁目,26.380437,127.858763
1510,,沖縄県うるま市みどり町五丁目,26.378283,127.853469
1511,,沖縄県うるま市字川田,26.346502,127.866224
1512,,沖縄県うるま市字塩屋,26.347637,127.859282
1513,,沖縄県うるま市字赤道,26.358509,127.828268
1514,,沖縄県うるま市字宮里,26.3518,127.834942
1515,,沖縄県うるま市字高江洲,26.352846,127.841399
1516,,沖縄県うるま市字豊原,26.34738,127.852351
1517,,沖縄県うるま市字喜屋武,26.360368,127.848096
1518,,沖縄県うるま市字上江洲,26.35818,127.857916
1519,,沖縄県うるま市字大田,26.353503,127.865781
1520,,沖縄県うるま市字兼箇段,26.370189,127.837828
1521,,沖縄県うるま市字川崎,26.383322,127.842151
1522,,沖縄県うるま市みどり町六丁目,26.381365,127.854941
1523,,沖縄県うるま市字天願,26.390102,127.858842
1524,,沖縄県うるま市みどり町二丁目,26.379224,127.862199
1525,,沖縄県うるま市字昆布,26.395932,127.846062
1526,,沖縄県うるま市字栄野比,26.392716,127.832209
1527,,沖縄県うるま市石川曙三丁目,26.417451,127.824532
1528,,沖縄県うるま市石川赤崎三丁目,26.429392,127.840248
1529,,沖縄県うるま市石川一丁目,26.430656,127.825987
1530,,沖縄県うるま市石川白浜一丁目,26.429433,127.828765
1531,,沖縄県うるま市石川石崎一丁目,26.426156,127.829321
1532,,沖縄県うるま市石川東山本町一丁目,26.435839,127.830947
1533,,沖縄県うるま市石川二丁目,26.42766,127.823742
1534,,沖縄県うるま市石川東山二丁目,26.437237,127.838926
1535,,沖縄県うるま市石川白浜二丁目,26.424904,127.826206
1536,,沖縄県うるま市石川東山本町二丁目,26.436457,127.833715
1537,,沖縄県うるま市石川東山一丁目,26.436983,127.836407
1538,,沖縄県うるま市石川石崎二丁目,26.429772,127.830569
1539,,沖縄県うるま市石川赤崎一丁目,26.431014,127.835268
1540,,沖縄県うるま市石川赤崎二丁目,26.433633,127.837202
1541,,沖縄県うるま市字安慶名,26.381987,127.851705
1542,,沖縄県うるま市字平良川,26.367828,127.849706
1543,,沖縄県うるま市みどり町四丁目,26.3766,127.856367
1544,,沖縄県うるま市字西原,26.375257,127.843901
1545,,沖縄県うるま市安慶名二丁目,26.377266,127.850568
1546,,沖縄県うるま市安慶名三丁目,26.373332,127.85079
1547,,沖縄県うるま市字田場,26.36824,127.864218
1548,,沖縄県うるま市安慶名一丁目,26.373448,127.854435
1549,,沖縄県うるま市字前原,26.341061,127.849133
1550,,沖縄県うるま市字前原,26.337858,127.844785
1551,,沖縄県うるま市字江洲,26.347405,127.832255
1552,,沖縄県宮古島市城辺,24.756914,125.384528
1553,,沖縄県宮古島市城辺,24.759775,125.342012
1554,,沖縄県宮古島市城辺,24.777139,125.360022
1555,,沖縄県宮古島市城辺,24.743047,125.349168
1556,,沖縄県宮古島市城辺,24.750542,125.371403
1557,,沖縄県宮古島市城辺,24.732585,125.375017
1558,,沖縄県宮古島市城辺,24.769545,125.379897
1559,,沖縄県宮古島市城辺,24.73299,125.430404
1560,,沖縄県宮古島市城辺,24.752504,125.39261
1561,,沖縄県宮古島市城辺,24.74759,125.417432
1562,,沖縄県宮古島市下地,24.744713,125.280446
1563,,沖縄県宮古島市下地,24.735018,125.275684
1564,,沖縄県宮古島市下地,24.748534,125.284565
1565,,沖縄県宮古島市下地,24.734076,125.287167
1566,,沖縄県宮古島市下地,24.758322,125.302347
1567,,沖縄県宮古島市下地,24.730327,125.301903
1568,,沖縄県宮古島市上野,24.74167,125.327333
1569,,沖縄県宮古島市上野,24.730902,125.31733
1570,,沖縄県宮古島市上野,24.739878,125.309164
1571,,沖縄県宮古島市上野,24.757652,125.325126
1572,,沖縄県宮古島市上野,24.731743,125.338261
1573,,沖縄県宮古島市平良,24.842422,125.30218
1574,,沖縄県宮古島市平良,24.925399,125.242883
1575,,沖縄県宮古島市平良,24.924153,125.246711
1576,,沖縄県宮古島市平良,24.790429,125.271733
1577,,沖縄県宮古島市平良,24.887066,125.28154
1578,,沖縄県宮古島市平良,24.781235,125.280419
1579,,沖縄県宮古島市平良,24.786167,125.294202
1580,,沖縄県宮古島市平良,24.772767,125.328526
1581,,沖縄県宮古島市平良,24.810907,125.293753
1582,,沖縄県宮古島市平良,24.817925,125.282075
1583,,沖縄県宮古島市平良,24.802297,125.292188
1584,,沖縄県宮古島市平良,24.857607,125.304433
1585,,沖縄県宮古島市平良,24.829282,125.299391
1586,,沖縄県宮古島市平良,24.8445,125.301127
1587,,沖縄県宮古島市平良,24.782653,125.328483
1588,,沖縄県宮古島市伊良部,24.835268,125.186042
1589,,沖縄県南城市字つきしろ,26.160656,127.791972
1590,,沖縄県南城市知念,26.145407,127.809305
1591,,沖縄県南城市知念,26.152378,127.801282
1592,,沖縄県南城市知念,26.185352,127.803524
1593,,沖縄県南城市知念,26.154995,127.804644
1594,,沖縄県南城市知念,26.157882,127.807772
1595,,沖縄県南城市知念,26.160753,127.815299
1596,,沖縄県南城市知念,26.188664,127.810823
1597,,沖縄県南城市知念,26.183835,127.813337
1598,,沖縄県南城市知念,26.167796,127.817767
1599,,沖縄県南城市知念,26.170679,127.823115
1600,,沖縄県南城市知念,26.177382,127.823061
1601,,沖縄県南城市知念字知名,26.18421,127.816173
1602,,沖縄県南城市知念字知念,26.162496,127.814644
1603,,沖縄県南城市知念字志喜屋,26.153685,127.799359
1604,,沖縄県南城市知念字山里,26.156143,127.803681
1605,,沖縄県南城市知念字具志堅,26.15754,127.808718
1606,,沖縄県南城市知念字久手堅,26.170654,127.823817
1607,,沖縄県南城市知念字久高,26.161998,127.893967
1608,,沖縄県南城市知念字久原,26.18517,127.804141
1609,,沖縄県南城市知念字吉富,26.168374,127.818433
1610,,沖縄県南城市知念字海野,26.187809,127.810988
1611,,沖縄県南城市知念字安座真,26.177312,127.822089
1612,,沖縄県南城市大里字嶺井,26.193869,127.755639
1613,,沖縄県南城市大里字仲間,26.179172,127.742147
1614,,沖縄県南城市大里字大里,26.182675,127.757056
1615,,沖縄県南城市大里字大城,26.167183,127.7575
1616,,沖縄県南城市大里字高平,26.1732,127.741536
1617,,沖縄県南城市大里字古堅,26.191422,127.743981
1618,,沖縄県南城市大里字稲嶺,26.165322,127.73765
1619,,沖縄県南城市佐敷字冨祖崎,26.174838,127.794127
1620,,沖縄県南城市佐敷字津波古,26.182244,127.770821
1621,,沖縄県南城市佐敷字仲伊保,26.181536,127.794861
1622,,沖縄県南城市佐敷字新里,26.167823,127.773164
1623,,沖縄県南城市佐敷字新開,26.177175,127.776278
1624,,沖縄県南城市佐敷字小谷,26.173203,127.765611
1625,,沖縄県南城市佐敷字手登根,26.168901,127.804117
1626,,沖縄県南城市佐敷字佐敷,26.165561,127.789842
1627,,沖縄県南城市佐敷字兼久,26.167946,127.781265
1628,,沖縄県南城市佐敷字屋比久,26.177129,127.802059
1629,,沖縄県南城市佐敷字伊原,26.175219,127.81044
1630,,沖縄県南城市玉城字當山,26.14009,127.762124
1631,,沖縄県南城市玉城字堀川,26.132829,127.761154
1632,,沖縄県南城市玉城字富里,26.143528,127.769697
1633,,沖縄県南城市玉城字百名,26.139734,127.789192
1634,,沖縄県南城市玉城字仲村渠,26.147906,127.788491
1635,,沖縄県南城市玉城字中山,26.141809,127.776389
1636,,沖縄県南城市玉城字前川,26.144705,127.749931
1637,,沖縄県南城市玉城字船越,26.154322,127.754889
1638,,沖縄県南城市玉城字親慶原,26.15729,127.779385
1639,,沖縄県南城市玉城字糸数,26.154463,127.765498
1640,,沖縄県南城市玉城字志堅原,26.133116,127.766607
1641,,沖縄県南城市玉城字玉城,26.141862,127.782205
1642,,沖縄県南城市玉城字喜良原,26.154269,127.775287
1643,,沖縄県南城市玉城字垣花,26.15114,127.792603
1644,,沖縄県南城市玉城字屋嘉部,26.147405,127.763629
1645,,沖縄県南城市玉城字奥武,26.1367,127.755966
1646,,沖縄県南城市玉城字愛地,26.159113,127.745324
1647,,沖縄県国頭郡国頭村字安波,26.709047,128.264275
1648,,沖縄県国頭郡国頭村字与那,26.755557,128.225375
1649,,沖縄県国頭郡国頭村字謝敷,26.765771,128.235085
1650,,沖縄県国頭郡国頭村字安田,26.756896,128.289824
1651,,沖縄県国頭郡国頭村字宇嘉,26.820393,128.249388
1652,,沖縄県国頭郡国頭村字宇良,26.743974,128.2036
1653,,沖縄県国頭郡国頭村字辺野喜,26.788582,128.264731
1654,,沖縄県国頭郡国頭村字佐手,26.778749,128.237541
1655,,沖縄県国頭郡国頭村字伊地,26.748384,128.217328
1656,,沖縄県国頭郡国頭村字奥,26.827621,128.28024
1657,,沖縄県国頭郡国頭村字楚洲,26.803847,128.305314
1658,,沖縄県国頭郡国頭村字宜名真,26.845449,128.259023
1659,,沖縄県国頭郡国頭村字桃原,26.741505,128.159779
1660,,沖縄県国頭郡国頭村字半地,26.724361,128.167413
1661,,沖縄県国頭郡国頭村字鏡地,26.732249,128.16314
1662,,沖縄県国頭郡国頭村字辺土名,26.732582,128.200744
1663,,沖縄県国頭郡国頭村字比地,26.713569,128.197451
1664,,沖縄県国頭郡国頭村字奥間,26.72219,128.206095
1665,,沖縄県国頭郡国頭村字浜,26.707712,128.185479
1666,,沖縄県国頭郡国頭村字辺戸,26.858017,128.265028
1667,,沖縄県国頭郡大宜味村字白浜,26.649028,128.115483
1668,,沖縄県国頭郡大宜味村字田港,26.657548,128.138117
1669,,沖縄県国頭郡大宜味村字大保,26.649262,128.126872
1670,,沖縄県国頭郡大宜味村字喜如嘉,26.690618,128.155533
1671,,沖縄県国頭郡大宜味村字謝名城,26.693786,128.168065
1672,,沖縄県国頭郡大宜味村字押川,26.665847,128.142016
1673,,沖縄県国頭郡大宜味村字大宜味,26.68141,128.142474
1674,,沖縄県国頭郡大宜味村字根路銘,26.676463,128.146988
1675,,沖縄県国頭郡大宜味村字饒波,26.683947,128.154266
1676,,沖縄県国頭郡大宜味村字塩屋,26.675875,128.11241
1677,,沖縄県国頭郡大宜味村字大兼久,26.695678,128.125817
1678,,沖縄県国頭郡大宜味村字屋古,26.672715,128.116908
1679,,沖縄県国頭郡大宜味村字上原,26.684132,128.112678
1680,,沖縄県国頭郡大宜味村字宮城,26.667244,128.101439
1681,,沖縄県国頭郡大宜味村字津波,26.639682,128.09757
1682,,沖縄県国頭郡大宜味村字田嘉里,26.697727,128.181132
1683,,沖縄県国頭郡東村字高江,26.663118,128.250274
1684,,沖縄県国頭郡東村字慶佐次,26.603377,128.144629
1685,,沖縄県国頭郡東村字有銘,26.603556,128.119185
1686,,沖縄県国頭郡東村字宮城,26.624989,128.184139
1687,,沖縄県国頭郡東村字川田,26.630509,128.166749
1688,,沖縄県国頭郡東村字平良,26.630942,128.151612
1689,,沖縄県国頭郡今帰仁村字運天,26.687458,127.999249
1690,,沖縄県国頭郡今帰仁村字天底,26.670799,127.982006
1691,,沖縄県国頭郡今帰仁村字上運天,26.679944,127.994791
1692,,沖縄県国頭郡今帰仁村字玉城,26.671032,127.970248
1693,,沖縄県国頭郡今帰仁村字謝名,26.677117,127.962658
1694,,沖縄県国頭郡今帰仁村字仲尾次,26.687214,127.950743
1695,,沖縄県国頭郡今帰仁村字今泊,26.688035,127.927078
1696,,沖縄県国頭郡今帰仁村字兼次,26.68386,127.938551
1697,,沖縄県国頭郡今帰仁村字湧川,26.653025,127.981431
1698,,沖縄県国頭郡今帰仁村字呉我山,26.652139,127.966167
1699,,沖縄県国頭郡今帰仁村字古宇利,26.704348,128.018102
1700,,沖縄県国頭郡今帰仁村字勢理客,26.678553,127.985227
1701,,沖縄県国頭郡今帰仁村字渡喜仁,26.688807,127.984378
1702,,沖縄県国頭郡今帰仁村字崎山,26.697634,127.960631
1703,,沖縄県国頭郡今帰仁村字平敷,26.689848,127.96058
1704,,沖縄県国頭郡今帰仁村字仲宗根,26.688716,127.975541
1705,,沖縄県国頭郡今帰仁村字越地,26.691006,127.969611
1706,,沖縄県国頭郡今帰仁村字与那嶺,26.689765,127.947015
1707,,沖縄県国頭郡今帰仁村字諸志,26.688952,127.942081
1708,,沖縄県国頭郡本部町字瀬底,26.641602,127.864071
1709,,沖縄県国頭郡本部町字浜元,26.67221,127.89224
1710,,沖縄県国頭郡本部町字並里,26.654175,127.924161
1711,,沖縄県国頭郡本部町字伊豆味,26.651113,127.947337
1712,,沖縄県国頭郡本部町字伊野波,26.663711,127.914649
1713,,沖縄県国頭郡本部町字山里,26.669565,127.908592
1714,,沖縄県国頭郡本部町字野原,26.667436,127.897092
1715,,沖縄県国頭郡本部町字大嘉陽,26.644856,127.910197
1716,,沖縄県国頭郡本部町字谷茶,26.6568,127.889435
1717,,沖縄県国頭郡本部町字健堅,26.644634,127.889544
1718,,沖縄県国頭郡本部町字大浜,26.654398,127.885087
1719,,沖縄県国頭郡本部町字辺名地,26.641899,127.906041
1720,,沖縄県国頭郡本部町字東,26.657301,127.900857
1721,,沖縄県国頭郡本部町字渡久地,26.662204,127.895834
1722,,沖縄県国頭郡本部町字備瀬,26.701693,127.884452
1723,,沖縄県国頭郡本部町字新里,26.699843,127.895707
1724,,沖縄県国頭郡本部町字具志堅,26.694214,127.912446
1725,,沖縄県国頭郡本部町字謝花,26.683097,127.899015
1726,,沖縄県国頭郡本部町字北里,26.691036,127.900587
1727,,沖縄県国頭郡本部町字石川,26.692401,127.881857
1728,,沖縄県国頭郡本部町字豊原,26.685836,127.890796
1729,,沖縄県国頭郡本部町字大堂,26.678698,127.917668
1730,,沖縄県国頭郡本部町字嘉津宇,26.685026,127.909825
1731,,沖縄県国頭郡本部町字古島,26.6784,127.903527
1732,,沖縄県国頭郡本部町字山川,26.684194,127.880913
1733,,沖縄県国頭郡本部町字浦崎,26.67765,127.892739
1734,,沖縄県国頭郡本部町字崎本部,26.624728,127.898612
1735,,沖縄県国頭郡恩納村字真栄田,26.430632,127.762751
1736,,沖縄県国頭郡恩納村字瀬良垣,26.494988,127.873102
1737,,沖縄県国頭郡恩納村字恩納,26.485385,127.858389
1738,,沖縄県国頭郡恩納村字山田,26.428754,127.781438
1739,,沖縄県国頭郡恩納村字安富祖,26.497743,127.890744
1740,,沖縄県国頭郡恩納村字名嘉真,26.515275,127.924507
1741,,沖縄県国頭郡恩納村字喜瀬武原,26.491938,127.90959
1742,,沖縄県国頭郡恩納村字谷茶,26.464243,127.830718
1743,,沖縄県国頭郡恩納村字冨着,26.454068,127.819568
1744,,沖縄県国頭郡恩納村字前兼久,26.447528,127.807698
1745,,沖縄県国頭郡恩納村字仲泊,26.434395,127.798825
1746,,沖縄県国頭郡宜野座村字松田,26.504901,127.984398
1747,,沖縄県国頭郡宜野座村字宜野座,26.498165,127.97164
1748,,沖縄県国頭郡宜野座村字惣慶,26.490912,127.960503
1749,,沖縄県国頭郡宜野座村字漢那,26.488622,127.944201
1750,,沖縄県国頭郡金武町字伊芸,26.464591,127.883299
1751,,沖縄県国頭郡金武町字金武,26.46773,127.916969
1752,,沖縄県国頭郡金武町字屋嘉,26.455166,127.849148
1753,,沖縄県国頭郡伊江村字川平,26.709901,127.770723
1754,,沖縄県国頭郡伊江村字東江前,26.719193,127.821909
1755,,沖縄県国頭郡伊江村字西江前,26.717716,127.76148
1756,,沖縄県国頭郡伊江村字東江上,26.727023,127.79742
1757,,沖縄県国頭郡伊江村字西江上,26.726717,127.766156
1758,,沖縄県中頭郡読谷村字大湾,26.374691,127.747119
1759,,沖縄県中頭郡読谷村字大木,26.382266,127.745938
1760,,沖縄県中頭郡読谷村字伊良皆,26.387268,127.754446
1761,,沖縄県中頭郡読谷村字長浜,26.416287,127.738345
1762,,沖縄県中頭郡読谷村字座喜味,26.40325,127.747468
1763,,沖縄県中頭郡読谷村字喜名,26.401009,127.76689
1764,,沖縄県中頭郡読谷村字古堅,26.367463,127.748301
1765,,沖縄県中頭郡読谷村字親志,26.415406,127.773434
1766,,沖縄県中頭郡読谷村字儀間,26.417427,127.718498
1767,,沖縄県中頭郡読谷村字渡慶次,26.419687,127.725952
1768,,沖縄県中頭郡読谷村字瀬名波,26.425771,127.729176
1769,,沖縄県中頭郡読谷村字長田,26.388039,127.767931
1770,,沖縄県中頭郡読谷村字比謝,26.378771,127.753774
1771,,沖縄県中頭郡読谷村字牧原,26.373904,127.763978
1772,,沖縄県中頭郡読谷村字比謝矼,26.370118,127.755689
1773,,沖縄県中頭郡読谷村字渡具知,26.36824,127.738749
1774,,沖縄県中頭郡読谷村字高志保,26.409608,127.726656
1775,,沖縄県中頭郡読谷村字上地,26.404628,127.737429
1776,,沖縄県中頭郡読谷村字波平,26.40114,127.725475
1777,,沖縄県中頭郡読谷村字都屋,26.391126,127.725961
1778,,沖縄県中頭郡読谷村字楚辺,26.382116,127.735998
1779,,沖縄県中頭郡読谷村字宇座,26.432859,127.721754
1780,,沖縄県中頭郡嘉手納町屋良一丁目,26.365072,127.763168
1781,,沖縄県中頭郡嘉手納町字水釜,26.358919,127.748461
1782,,沖縄県中頭郡嘉手納町字屋良,26.361915,127.765873
1783,,沖縄県中頭郡嘉手納町字久得,26.388565,127.779594
1784,,沖縄県中頭郡嘉手納町字嘉手納,26.363803,127.754415
1785,,沖縄県中頭郡嘉手納町字兼久,26.348831,127.756396
1786,,沖縄県中頭郡嘉手納町字兼久,26.351841,127.744975
1787,,沖縄県中頭郡嘉手納町水釜六丁目,26.357118,127.741499
1788,,沖縄県中頭郡北谷町字北谷,26.303823,127.768369
1789,,沖縄県中頭郡北谷町字大村,26.307338,127.771792
1790,,沖縄県中頭郡北谷町字下勢頭,26.338137,127.764065
1791,,沖縄県中頭郡北谷町字砂辺,26.337043,127.749787
1792,,沖縄県中頭郡北谷町字宮城,26.328252,127.746705
1793,,沖縄県中頭郡北谷町字浜川,26.333393,127.754508
1794,,沖縄県中頭郡北谷町字北前,26.298379,127.768954
1795,,沖縄県中頭郡北谷町美浜二丁目,26.31691,127.759308
1796,,沖縄県中頭郡北谷町北谷二丁目,26.303898,127.760291
1797,,沖縄県中頭郡北谷町字玉上,26.313147,127.779576
1798,,沖縄県中頭郡北谷町字桑江,26.319452,127.765956
1799,,沖縄県中頭郡北谷町字伊平,26.325831,127.759855
1800,,沖縄県中頭郡北谷町字上勢頭,26.332603,127.771076
1801,,沖縄県中頭郡北谷町北前一丁目,26.299474,127.759463
1802,,沖縄県中頭郡北谷町字美浜,26.316209,127.756118
1803,,沖縄県中頭郡北谷町北谷一丁目,26.307531,127.761768
1804,,沖縄県中頭郡北谷町字港,26.322434,127.750819
1805,,沖縄県中頭郡北谷町美浜一丁目,26.311689,127.761364
1806,,沖縄県中頭郡北谷町美浜三丁目,26.322562,127.756078
1807,,沖縄県中頭郡北谷町字吉原,26.318472,127.77528
1808,,沖縄県中頭郡北谷町字桃原,26.320449,127.77837
1809,,沖縄県中頭郡北中城村字屋宜原,26.31292,127.789516
1810,,沖縄県中頭郡北中城村字比嘉,26.314296,127.7971
1811,,沖縄県中頭郡北中城村字美崎,26.30471,127.821937
1812,,沖縄県中頭郡北中城村字渡口,26.307454,127.805036
1813,,沖縄県中頭郡北中城村字和仁屋,26.299593,127.806309
1814,,沖縄県中頭郡北中城村字仲順,26.304351,127.799565
1815,,沖縄県中頭郡北中城村字喜舎場,26.303253,127.792088
1816,,沖縄県中頭郡北中城村字島袋,26.319991,127.801114
1817,,沖縄県中頭郡北中城村字熱田,26.292314,127.807247
1818,,沖縄県中頭郡北中城村字大城,26.290114,127.800121
1819,,沖縄県中頭郡北中城村字荻道,26.292846,127.79694
1820,,沖縄県中頭郡北中城村字瑞慶覧,26.306015,127.781073
1821,,沖縄県中頭郡北中城村字安谷屋,26.296118,127.787601
1822,,沖縄県中頭郡中城村字奥間,26.256153,127.784369
1823,,沖縄県中頭郡中城村字南浜,26.234686,127.785788
1824,,沖縄県中頭郡中城村字北浜,26.2408,127.785717
1825,,沖縄県中頭郡中城村字和宇慶,26.240118,127.779172
1826,,沖縄県中頭郡中城村字津覇,26.247623,127.782223
1827,,沖縄県中頭郡中城村字伊舎堂,26.277135,127.800801
1828,,沖縄県中頭郡中城村字添石,26.273873,127.798325
1829,,沖縄県中頭郡中城村字屋宜,26.270263,127.793155
1830,,沖縄県中頭郡中城村字当間,26.264056,127.790222
1831,,沖縄県中頭郡中城村字新垣,26.274151,127.784245
1832,,沖縄県中頭郡中城村字安里,26.259955,127.787322
1833,,沖縄県中頭郡中城村字久場,26.283273,127.812565
1834,,沖縄県中頭郡中城村字泊,26.275334,127.809305
1835,,沖縄県中頭郡中城村字登又,26.282209,127.79011
1836,,沖縄県中頭郡中城村字北上原,26.267206,127.779384
1837,,沖縄県中頭郡中城村字南上原,26.250996,127.771295
1838,,沖縄県中頭郡中城村字伊集,26.240675,127.772555
1839,,沖縄県中頭郡西原町字幸地,26.231912,127.743071
1840,,沖縄県中頭郡西原町字小波津,26.224506,127.755201
1841,,沖縄県中頭郡西原町字翁長,26.233951,127.752129
1842,,沖縄県中頭郡西原町字桃原,26.21666,127.749219
1843,,沖縄県中頭郡西原町字安室,26.219835,127.754318
1844,,沖縄県中頭郡西原町字徳佐田,26.243657,127.747611
1845,,沖縄県中頭郡西原町字東崎,26.214068,127.772889
1846,,沖縄県中頭郡西原町字掛保久,26.232372,127.772213
1847,,沖縄県中頭郡西原町字嘉手苅,26.225821,127.765836
1848,,沖縄県中頭郡西原町字兼久,26.217097,127.767875
1849,,沖縄県中頭郡西原町字津花波,26.230343,127.760539
1850,,沖縄県中頭郡西原町字呉屋,26.231389,127.756351
1851,,沖縄県中頭郡西原町字小橋川,26.231428,127.763719
1852,,沖縄県中頭郡西原町字与那城,26.219705,127.76148
1853,,沖縄県中頭郡西原町字我謝,26.215469,127.758083
1854,,沖縄県中頭郡西原町字森川,26.24928,127.756716
1855,,沖縄県中頭郡西原町字池田,26.220431,127.741157
1856,,沖縄県中頭郡西原町上原一丁目,26.241069,127.762133
1857,,沖縄県中頭郡西原町字棚原,26.245747,127.754968
1858,,沖縄県中頭郡西原町棚原一丁目,26.242601,127.755364
1859,,沖縄県中頭郡西原町字千原,26.250893,127.762658
1860,,沖縄県中頭郡西原町上原二丁目,26.243157,127.762911
1861,,沖縄県中頭郡西原町字上原,26.239697,127.764867
1862,,沖縄県中頭郡西原町字小那覇,26.227559,127.778964
1863,,沖縄県中頭郡西原町字内間,26.233672,127.767302
1864,,沖縄県島尻郡与那原町字与那原,26.204724,127.751229
1865,,沖縄県島尻郡与那原町字上与那原,26.199155,127.751305
1866,,沖縄県島尻郡与那原町字東浜,26.206249,127.761622
1867,,沖縄県島尻郡与那原町字板良敷,26.19345,127.766623
1868,,沖縄県島尻郡南風原町字神里,26.174519,127.730075
1869,,沖縄県島尻郡南風原町字与那覇,26.200936,127.743365
1870,,沖縄県島尻郡南風原町字山川,26.179163,127.724555
1871,,沖縄県島尻郡南風原町字照屋,26.185674,127.725315
1872,,沖縄県島尻郡南風原町字喜屋武,26.184001,127.73185
1873,,沖縄県島尻郡南風原町字本部,26.190791,127.723749
1874,,沖縄県島尻郡南風原町字兼城,26.195835,127.724693
1875,,沖縄県島尻郡南風原町字宮平,26.197647,127.734435
1876,,沖縄県島尻郡南風原町字大名,26.209055,127.734605
1877,,沖縄県島尻郡南風原町字宮城,26.206489,127.741782
1878,,沖縄県島尻郡南風原町字新川,26.208755,127.726448
1879,,沖縄県島尻郡南風原町字津嘉山,26.187603,127.715418
1880,,沖縄県島尻郡渡嘉敷村字渡嘉敷,26.204298,127.361284
1881,,沖縄県島尻郡渡嘉敷村字阿波連,26.165607,127.354599
1882,,沖縄県島尻郡渡嘉敷村字前島,26.213017,127.447923
1883,,沖縄県島尻郡座間味村字阿嘉,26.199931,127.277528
1884,,沖縄県島尻郡座間味村字慶留間,26.181715,127.28888
1885,,沖縄県島尻郡座間味村字阿真,26.232556,127.291791
1886,,沖縄県島尻郡座間味村字阿佐,26.240462,127.318917
1887,,沖縄県島尻郡座間味村字座間味,26.230562,127.306165
1888,,沖縄県島尻郡粟国村字浜,26.586506,127.243133
1889,,沖縄県島尻郡粟国村字西,26.585824,127.21845
1890,,沖縄県島尻郡粟国村字東,26.589864,127.231393
1891,,沖縄県島尻郡渡名喜村マグシ,26.380755,127.148383
1892,,沖縄県島尻郡渡名喜村崎座,26.379493,127.146333
1893,,沖縄県島尻郡渡名喜村大崎,26.37801,127.149582
1894,,沖縄県島尻郡渡名喜村西森,26.377884,127.14709
1895,,沖縄県島尻郡渡名喜村天土,26.375645,127.148005
1896,,沖縄県島尻郡渡名喜村サウジ,26.37637,127.145607
1897,,沖縄県島尻郡渡名喜村塩川,26.376433,127.143967
1898,,沖縄県島尻郡渡名喜村富田,26.374377,127.146538
1899,,沖縄県島尻郡渡名喜村赤嶺,26.375249,127.144503
1900,,沖縄県島尻郡渡名喜村西兼久,26.373766,127.142555
1901,,沖縄県島尻郡渡名喜村上手,26.372778,127.147119
1902,,沖縄県島尻郡渡名喜村セキル,26.3724,127.145869
1903,,沖縄県島尻郡渡名喜村西ノ底,26.372662,127.144299
1904,,沖縄県島尻郡渡名喜村西,26.37147,127.142788
1905,,沖縄県島尻郡渡名喜村東,26.370394,127.146131
1906,,沖縄県島尻郡渡名喜村南,26.370249,127.142264
1907,,沖縄県島尻郡渡名喜村大道,26.369057,127.143369
1908,,沖縄県島尻郡渡名喜村脇原,26.368243,127.140346
1909,,沖縄県島尻郡渡名喜村高田,26.365481,127.138427
1910,,沖縄県島尻郡渡名喜村上高田,26.363388,127.140607
1911,,沖縄県島尻郡渡名喜村高田川,26.366179,127.142468
1912,,沖縄県島尻郡渡名喜村義中,26.367196,127.144881
1913,,沖縄県島尻郡渡名喜村栗苅,26.367719,127.147439
1914,,沖縄県島尻郡渡名喜村無蛇,26.364521,127.14805
1915,,沖縄県島尻郡渡名喜村萩岳,26.364144,127.145462
1916,,沖縄県島尻郡渡名喜村淵蛇,26.36237,127.142584
1917,,沖縄県島尻郡渡名喜村呼子,26.360975,127.145578
1918,,沖縄県島尻郡渡名喜村高嶺,26.358765,127.144677
1919,,沖縄県島尻郡渡名喜村大川,26.361464,127.150112
1920,,沖縄県島尻郡渡名喜村キノ,26.357487,127.147587
1921,,沖縄県島尻郡渡名喜村君子川,26.356689,127.144932
1922,,沖縄県島尻郡渡名喜村玉良志,26.360035,127.150326
1923,,沖縄県島尻郡渡名喜村安在良,26.360738,127.152839
1924,,沖縄県島尻郡渡名喜村内ノ底,26.358856,127.151958
1925,,沖縄県島尻郡渡名喜村君子,26.355224,127.144277
1926,,沖縄県島尻郡渡名喜村大本田,26.355053,127.149104
1927,,沖縄県島尻郡渡名喜村島尻,26.356494,127.153397
1928,,沖縄県島尻郡渡名喜村投良,26.361607,127.156264
1929,,沖縄県島尻郡渡名喜村横岳,26.359073,127.154596
1930,,沖縄県島尻郡渡名喜村唐岳,26.359968,127.155658
1931,,沖縄県島尻郡渡名喜村居明良口,26.358042,127.157144
1932,,沖縄県島尻郡渡名喜村ヲモ,26.360165,127.158919
1933,,沖縄県島尻郡渡名喜村深ノ巻,26.362471,127.159678
1934,,沖縄県島尻郡渡名喜村入砂,26.385156,127.102506
1935,,沖縄県島尻郡南大東村字旧東,25.836353,131.253281
1936,,沖縄県島尻郡南大東村字南,25.823744,131.244525
1937,,沖縄県島尻郡南大東村字北,25.858553,131.235392
1938,,沖縄県島尻郡南大東村字新東,25.853836,131.261773
1939,,沖縄県島尻郡南大東村字在所,25.836302,131.235098
1940,,沖縄県島尻郡南大東村字池之沢,25.837234,131.225018
1941,,沖縄県島尻郡北大東村字ラサ,24.466789,131.188692
1942,,沖縄県島尻郡北大東村字港,25.950905,131.28837
1943,,沖縄県島尻郡北大東村字南,25.9382,131.314292
1944,,沖縄県島尻郡北大東村字中野,25.947544,131.302378
1945,,沖縄県島尻郡伊平屋村字田名,27.068049,127.98759
1946,,沖縄県島尻郡伊平屋村字島尻,27.014303,127.937001
1947,,沖縄県島尻郡伊平屋村字野甫,26.99573,127.919348
1948,,沖縄県島尻郡伊平屋村字我喜屋,27.036224,127.9568
1949,,沖縄県島尻郡伊平屋村字前泊,27.048461,127.977462
1950,,沖縄県島尻郡伊是名村字仲田,26.925141,127.946139
1951,,沖縄県島尻郡伊是名村字伊是名,26.920257,127.932435
1952,,沖縄県島尻郡伊是名村字内花,26.945592,127.94097
1953,,沖縄県島尻郡伊是名村字勢理客,26.938118,127.924191
1954,,沖縄県島尻郡伊是名村字諸見,26.938176,127.949325
1955,,沖縄県島尻郡久米島町字嘉手苅,26.347359,126.76973
1956,,沖縄県島尻郡久米島町字奥武,26.338949,126.827398
1957,,沖縄県島尻郡久米島町字謝名堂,26.340486,126.809021
1958,,沖縄県島尻郡久米島町字比嘉,26.340317,126.795663
1959,,沖縄県島尻郡久米島町字山城,26.330494,126.785919
1960,,沖縄県島尻郡久米島町字儀間,26.331622,126.772165
1961,,沖縄県島尻郡久米島町字鳥島,26.347517,126.739854
1962,,沖縄県島尻郡久米島町字山里,26.362406,126.741576
1963,,沖縄県島尻郡久米島町字上江洲,26.364083,126.760508
1964,,沖縄県島尻郡久米島町字仲村渠,26.376767,126.755158
1965,,沖縄県島尻郡久米島町字仲地,26.367328,126.743769
1966,,沖縄県島尻郡久米島町字具志川,26.373648,126.740943
1967,,沖縄県島尻郡久米島町字仲泊,26.348097,126.74662
1968,,沖縄県島尻郡久米島町字西銘,26.358456,126.761196
1969,,沖縄県島尻郡久米島町字島尻,26.304692,126.794571
1970,,沖縄県島尻郡久米島町字銭田,26.32296,126.799058
1971,,沖縄県島尻郡久米島町字真我里,26.327901,126.791592
1972,,沖縄県島尻郡久米島町字宇根,26.347512,126.81358
1973,,沖縄県島尻郡久米島町字真謝,26.356158,126.800506
1974,,沖縄県島尻郡久米島町字阿嘉,26.36687,126.796757
1975,,沖縄県島尻郡久米島町字比屋定,26.376864,126.784407
1976,,沖縄県島尻郡久米島町字大田,26.352738,126.75867
1977,,沖縄県島尻郡久米島町字宇江城,26.378258,126.769426
1978,,沖縄県島尻郡久米島町字兼城,26.35263,126.763391
1979,,沖縄県島尻郡久米島町字北原,26.367743,126.721824
1980,,沖縄県島尻郡久米島町字大原,26.355098,126.723239
1981,,沖縄県島尻郡久米島町字硫黄鳥島,27.873001,128.227345
1982,,沖縄県島尻郡八重瀬町字具志頭,26.125995,127.747182
1983,,沖縄県島尻郡八重瀬町字新城,26.137358,127.741897
1984,,沖縄県島尻郡八重瀬町字友寄,26.169613,127.720614
1985,,沖縄県島尻郡八重瀬町字宜次,26.17166,127.710833
1986,,沖縄県島尻郡八重瀬町字港川,26.126518,127.758129
1987,,沖縄県島尻郡八重瀬町字長毛,26.130438,127.756189
1988,,沖縄県島尻郡八重瀬町字与座,26.109029,127.72909
1989,,沖縄県島尻郡八重瀬町字玻名城,26.118676,127.739905
1990,,沖縄県島尻郡八重瀬町字安里,26.111939,127.736149
1991,,沖縄県島尻郡八重瀬町字高良,26.131594,127.709587
1992,,沖縄県島尻郡八重瀬町字世名城,26.132654,127.71715
1993,,沖縄県島尻郡八重瀬町字当銘,26.148718,127.701782
1994,,沖縄県島尻郡八重瀬町字伊覇,26.159701,127.72107
1995,,沖縄県島尻郡八重瀬町字志多伯,26.152097,127.708948
1996,,沖縄県島尻郡八重瀬町字上田原,26.160759,127.713728
1997,,沖縄県島尻郡八重瀬町字小城,26.157841,127.704558
1998,,沖縄県島尻郡八重瀬町字仲座,26.11199,127.724532
1999,,沖縄県島尻郡八重瀬町字大頓,26.128947,127.73549
2000,,沖縄県島尻郡八重瀬町字富盛,26.132358,127.727863
2001,,沖縄県島尻郡八重瀬町字後原,26.146468,127.734968
2002,,沖縄県島尻郡八重瀬町字屋宜原,26.163092,127.727601
2003,,沖縄県島尻郡八重瀬町字東風平,26.152087,127.721199
2004,,沖縄県島尻郡八重瀬町字外間,26.177742,127.71492
2005,,沖縄県宮古郡多良間村字仲筋,24.657759,124.685433
2006,,沖縄県宮古郡多良間村字水納,24.753409,124.695684
2007,,沖縄県宮古郡多良間村字塩川,24.656988,124.713997
2008,,沖縄県八重山郡竹富町字黒島,24.237087,124.011919
2009,,沖縄県八重山郡竹富町字小浜,24.339076,123.980159
2010,,沖縄県八重山郡竹富町字南風見,24.282777,123.845756
2011,,沖縄県八重山郡竹富町字南風見仲,24.288198,123.887955
2012,,沖縄県八重山郡竹富町字古見,24.322048,123.878137
2013,,沖縄県八重山郡竹富町字西表,24.344406,123.782476
2014,,沖縄県八重山郡竹富町字高那,24.372131,123.88956
2015,,沖縄県八重山郡竹富町字上原,24.375079,123.825219
2016,,沖縄県八重山郡竹富町字波照間,24.058586,123.782432
2017,,沖縄県八重山郡竹富町字新城,24.234027,123.944947
2018,,沖縄県八重山郡竹富町字崎山,24.305231,123.685666
2019,,沖縄県八重山郡竹富町字鳩間,24.472254,123.820428
2020,,沖縄県八重山郡竹富町字竹富,24.326125,124.089079
2021,,沖縄県八重山郡与那国町字与那国,24.455925,122.987678
2022,,沖縄県沖縄市（大字なし）,26.330349,127.778673
2023,,沖縄県沖縄市（大字なし）,26.364902,127.798242
